ISO3,INDICATOR,SUBJECT,MEASURE,FREQUENCY,year,money,Flag Codes
AUS,AVWAGE,TOT,USD,A,1990,42490.02,
AUS,AVWAGE,TOT,USD,A,1991,42309.38,
AUS,AVWAGE,TOT,USD,A,1992,43173.77,
AUS,AVWAGE,TOT,USD,A,1993,43578.24,
AUS,AVWAGE,TOT,USD,A,1994,43873.86,
AUS,AVWAGE,TOT,USD,A,1995,43677.09,
AUS,AVWAGE,TOT,USD,A,1996,44976.28,
AUS,AVWAGE,TOT,USD,A,1997,46355.56,
AUS,AVWAGE,TOT,USD,A,1998,46999.64,
AUS,AVWAGE,TOT,USD,A,1999,48064.87,
AUS,AVWAGE,TOT,USD,A,2000,48213.09,
AUS,AVWAGE,TOT,USD,A,2001,48693.3,
AUS,AVWAGE,TOT,USD,A,2002,49140.63,
AUS,AVWAGE,TOT,USD,A,2003,49849.38,
AUS,AVWAGE,TOT,USD,A,2004,51414.32,
AUS,AVWAGE,TOT,USD,A,2005,52013.94,
AUS,AVWAGE,TOT,USD,A,2006,52368,
AUS,AVWAGE,TOT,USD,A,2007,53805,
AUS,AVWAGE,TOT,USD,A,2008,54149,
AUS,AVWAGE,TOT,USD,A,2009,53644,
AUS,AVWAGE,TOT,USD,A,2010,55536,
AUS,AVWAGE,TOT,USD,A,2011,57361,
AUS,AVWAGE,TOT,USD,A,2012,57752,
AUS,AVWAGE,TOT,USD,A,2013,57579,
AUS,AVWAGE,TOT,USD,A,2014,58102,
AUS,AVWAGE,TOT,USD,A,2015,57744,
AUS,AVWAGE,TOT,USD,A,2016,57885,
AUS,AVWAGE,TOT,USD,A,2017,57619,
AUS,AVWAGE,TOT,USD,A,2018,57843,
AUS,AVWAGE,TOT,USD,A,2019,58620,
AUS,AVWAGE,TOT,USD,A,2020,60377,
AUS,AVWAGE,TOT,USD,A,2021,60681.5,
AUS,AVWAGE,TOT,USD,A,2022,59407.89,
AUT,AVWAGE,TOT,USD,A,1990,51100.08,
AUT,AVWAGE,TOT,USD,A,1991,52697.4,
AUT,AVWAGE,TOT,USD,A,1992,53759.06,
AUT,AVWAGE,TOT,USD,A,1993,54197.37,
AUT,AVWAGE,TOT,USD,A,1994,54743.42,
AUT,AVWAGE,TOT,USD,A,1995,52457.08,
AUT,AVWAGE,TOT,USD,A,1996,54819.62,
AUT,AVWAGE,TOT,USD,A,1997,54346.95,
AUT,AVWAGE,TOT,USD,A,1998,56101.14,
AUT,AVWAGE,TOT,USD,A,1999,57354.9,
AUT,AVWAGE,TOT,USD,A,2000,57529.02,
AUT,AVWAGE,TOT,USD,A,2001,57344.66,
AUT,AVWAGE,TOT,USD,A,2002,58229.17,
AUT,AVWAGE,TOT,USD,A,2003,58368.87,
AUT,AVWAGE,TOT,USD,A,2004,59473.25,
AUT,AVWAGE,TOT,USD,A,2005,59801.37,
AUT,AVWAGE,TOT,USD,A,2006,60698,
AUT,AVWAGE,TOT,USD,A,2007,61047,
AUT,AVWAGE,TOT,USD,A,2008,62081,
AUT,AVWAGE,TOT,USD,A,2009,63135,
AUT,AVWAGE,TOT,USD,A,2010,62831,
AUT,AVWAGE,TOT,USD,A,2011,62159,
AUT,AVWAGE,TOT,USD,A,2012,62515,
AUT,AVWAGE,TOT,USD,A,2013,62568,
AUT,AVWAGE,TOT,USD,A,2014,62801,
AUT,AVWAGE,TOT,USD,A,2015,63231,
AUT,AVWAGE,TOT,USD,A,2016,63860,
AUT,AVWAGE,TOT,USD,A,2017,63856,
AUT,AVWAGE,TOT,USD,A,2018,64101,
AUT,AVWAGE,TOT,USD,A,2019,64623,
AUT,AVWAGE,TOT,USD,A,2020,64648,
AUT,AVWAGE,TOT,USD,A,2021,65402.32,
AUT,AVWAGE,TOT,USD,A,2022,63801.62,
BEL,AVWAGE,TOT,USD,A,1990,50787.61,
BEL,AVWAGE,TOT,USD,A,1991,53018.64,
BEL,AVWAGE,TOT,USD,A,1992,54718.73,
BEL,AVWAGE,TOT,USD,A,1993,55868.83,
BEL,AVWAGE,TOT,USD,A,1994,56952.78,
BEL,AVWAGE,TOT,USD,A,1995,55006.34,
BEL,AVWAGE,TOT,USD,A,1996,57470.56,
BEL,AVWAGE,TOT,USD,A,1997,58203.38,
BEL,AVWAGE,TOT,USD,A,1998,58238.28,
BEL,AVWAGE,TOT,USD,A,1999,61484.41,
BEL,AVWAGE,TOT,USD,A,2000,60929.14,
BEL,AVWAGE,TOT,USD,A,2001,61114.83,
BEL,AVWAGE,TOT,USD,A,2002,62692.59,
BEL,AVWAGE,TOT,USD,A,2003,63066.3,
BEL,AVWAGE,TOT,USD,A,2004,62735.5,
BEL,AVWAGE,TOT,USD,A,2005,62139.95,
BEL,AVWAGE,TOT,USD,A,2006,62562,
BEL,AVWAGE,TOT,USD,A,2007,62446,
BEL,AVWAGE,TOT,USD,A,2008,62715,
BEL,AVWAGE,TOT,USD,A,2009,63590,
BEL,AVWAGE,TOT,USD,A,2010,63295,
BEL,AVWAGE,TOT,USD,A,2011,63944,
BEL,AVWAGE,TOT,USD,A,2012,64461,
BEL,AVWAGE,TOT,USD,A,2013,65099,
BEL,AVWAGE,TOT,USD,A,2014,65461,
BEL,AVWAGE,TOT,USD,A,2015,65017,
BEL,AVWAGE,TOT,USD,A,2016,65157,
BEL,AVWAGE,TOT,USD,A,2017,64700,
BEL,AVWAGE,TOT,USD,A,2018,65083,
BEL,AVWAGE,TOT,USD,A,2019,65700,
BEL,AVWAGE,TOT,USD,A,2020,63677,
BEL,AVWAGE,TOT,USD,A,2021,65520.82,
BEL,AVWAGE,TOT,USD,A,2022,64847.62,
CAN,AVWAGE,TOT,USD,A,1990,42267.14,
CAN,AVWAGE,TOT,USD,A,1991,42426.3,
CAN,AVWAGE,TOT,USD,A,1992,43045.9,
CAN,AVWAGE,TOT,USD,A,1993,42952.72,
CAN,AVWAGE,TOT,USD,A,1994,42464.18,
CAN,AVWAGE,TOT,USD,A,1995,42905.66,
CAN,AVWAGE,TOT,USD,A,1996,42745.09,
CAN,AVWAGE,TOT,USD,A,1997,44053.77,
CAN,AVWAGE,TOT,USD,A,1998,44793.21,
CAN,AVWAGE,TOT,USD,A,1999,45157.23,
CAN,AVWAGE,TOT,USD,A,2000,46526.34,
CAN,AVWAGE,TOT,USD,A,2001,46335.18,
CAN,AVWAGE,TOT,USD,A,2002,45961.56,
CAN,AVWAGE,TOT,USD,A,2003,45975.75,
CAN,AVWAGE,TOT,USD,A,2004,46969.12,
CAN,AVWAGE,TOT,USD,A,2005,48325.74,
CAN,AVWAGE,TOT,USD,A,2006,49797,
CAN,AVWAGE,TOT,USD,A,2007,51127,
CAN,AVWAGE,TOT,USD,A,2008,52025,
CAN,AVWAGE,TOT,USD,A,2009,52363,
CAN,AVWAGE,TOT,USD,A,2010,52457,
CAN,AVWAGE,TOT,USD,A,2011,53088,
CAN,AVWAGE,TOT,USD,A,2012,53717,
CAN,AVWAGE,TOT,USD,A,2013,54286,
CAN,AVWAGE,TOT,USD,A,2014,54995,
CAN,AVWAGE,TOT,USD,A,2015,55400,
CAN,AVWAGE,TOT,USD,A,2016,54350,
CAN,AVWAGE,TOT,USD,A,2017,55122,
CAN,AVWAGE,TOT,USD,A,2018,56083,
CAN,AVWAGE,TOT,USD,A,2019,56370,
CAN,AVWAGE,TOT,USD,A,2020,59160,
CAN,AVWAGE,TOT,USD,A,2021,59568.78,
CAN,AVWAGE,TOT,USD,A,2022,59050.41,
CZE,AVWAGE,TOT,USD,A,1995,16586.9,
CZE,AVWAGE,TOT,USD,A,1996,18320.99,
CZE,AVWAGE,TOT,USD,A,1997,18606.94,
CZE,AVWAGE,TOT,USD,A,1998,18603.83,
CZE,AVWAGE,TOT,USD,A,1999,19344.55,
CZE,AVWAGE,TOT,USD,A,2000,20070.48,
CZE,AVWAGE,TOT,USD,A,2001,21105.61,
CZE,AVWAGE,TOT,USD,A,2002,22382.42,
CZE,AVWAGE,TOT,USD,A,2003,24089.04,
CZE,AVWAGE,TOT,USD,A,2004,25174.1,
CZE,AVWAGE,TOT,USD,A,2005,25914.07,
CZE,AVWAGE,TOT,USD,A,2006,26952.47,
CZE,AVWAGE,TOT,USD,A,2007,27757,
CZE,AVWAGE,TOT,USD,A,2008,27905.61,
CZE,AVWAGE,TOT,USD,A,2009,27793.36,
CZE,AVWAGE,TOT,USD,A,2010,28648,
CZE,AVWAGE,TOT,USD,A,2011,28881.64,
CZE,AVWAGE,TOT,USD,A,2012,28934.46,
CZE,AVWAGE,TOT,USD,A,2013,28754,
CZE,AVWAGE,TOT,USD,A,2014,29360.49,
CZE,AVWAGE,TOT,USD,A,2015,30224,
CZE,AVWAGE,TOT,USD,A,2016,31291.43,
CZE,AVWAGE,TOT,USD,A,2017,32890.57,
CZE,AVWAGE,TOT,USD,A,2018,34632.6,
CZE,AVWAGE,TOT,USD,A,2019,36071,
CZE,AVWAGE,TOT,USD,A,2020,35552,
CZE,AVWAGE,TOT,USD,A,2021,36269.71,
CZE,AVWAGE,TOT,USD,A,2022,33475.52,
DNK,AVWAGE,TOT,USD,A,1990,47203.5,
DNK,AVWAGE,TOT,USD,A,1991,47454.31,
DNK,AVWAGE,TOT,USD,A,1992,49053.26,
DNK,AVWAGE,TOT,USD,A,1993,49596.11,
DNK,AVWAGE,TOT,USD,A,1994,47871.63,
DNK,AVWAGE,TOT,USD,A,1995,46890.87,
DNK,AVWAGE,TOT,USD,A,1996,49781.44,
DNK,AVWAGE,TOT,USD,A,1997,50577.45,
DNK,AVWAGE,TOT,USD,A,1998,51462.34,
DNK,AVWAGE,TOT,USD,A,1999,52066.95,
DNK,AVWAGE,TOT,USD,A,2000,52018.88,
DNK,AVWAGE,TOT,USD,A,2001,52328.67,
DNK,AVWAGE,TOT,USD,A,2002,53520.33,
DNK,AVWAGE,TOT,USD,A,2003,54841.25,
DNK,AVWAGE,TOT,USD,A,2004,56061.81,
DNK,AVWAGE,TOT,USD,A,2005,57030.24,
DNK,AVWAGE,TOT,USD,A,2006,57991,
DNK,AVWAGE,TOT,USD,A,2007,58638,
DNK,AVWAGE,TOT,USD,A,2008,59414,
DNK,AVWAGE,TOT,USD,A,2009,60853,
DNK,AVWAGE,TOT,USD,A,2010,61537,
DNK,AVWAGE,TOT,USD,A,2011,61213,
DNK,AVWAGE,TOT,USD,A,2012,61121,
DNK,AVWAGE,TOT,USD,A,2013,61548,
DNK,AVWAGE,TOT,USD,A,2014,62723,
DNK,AVWAGE,TOT,USD,A,2015,63828,
DNK,AVWAGE,TOT,USD,A,2016,63894,
DNK,AVWAGE,TOT,USD,A,2017,64281,
DNK,AVWAGE,TOT,USD,A,2018,64765,
DNK,AVWAGE,TOT,USD,A,2019,65222,
DNK,AVWAGE,TOT,USD,A,2020,66203,
DNK,AVWAGE,TOT,USD,A,2021,66503.05,
DNK,AVWAGE,TOT,USD,A,2022,64126.65,
FIN,AVWAGE,TOT,USD,A,1990,38842.91,
FIN,AVWAGE,TOT,USD,A,1991,39306.72,
FIN,AVWAGE,TOT,USD,A,1992,38712.95,
FIN,AVWAGE,TOT,USD,A,1993,37357.33,
FIN,AVWAGE,TOT,USD,A,1994,37886.78,
FIN,AVWAGE,TOT,USD,A,1995,38224.2,
FIN,AVWAGE,TOT,USD,A,1996,40279.38,
FIN,AVWAGE,TOT,USD,A,1997,40313.69,
FIN,AVWAGE,TOT,USD,A,1998,41377.93,
FIN,AVWAGE,TOT,USD,A,1999,42345.82,
FIN,AVWAGE,TOT,USD,A,2000,43072.84,
FIN,AVWAGE,TOT,USD,A,2001,43299.41,
FIN,AVWAGE,TOT,USD,A,2002,43532.03,
FIN,AVWAGE,TOT,USD,A,2003,44359.35,
FIN,AVWAGE,TOT,USD,A,2004,45807.93,
FIN,AVWAGE,TOT,USD,A,2005,46788.15,
FIN,AVWAGE,TOT,USD,A,2006,47757,
FIN,AVWAGE,TOT,USD,A,2007,48395,
FIN,AVWAGE,TOT,USD,A,2008,48809,
FIN,AVWAGE,TOT,USD,A,2009,49229,
FIN,AVWAGE,TOT,USD,A,2010,49911,
FIN,AVWAGE,TOT,USD,A,2011,49925,
FIN,AVWAGE,TOT,USD,A,2012,49965,
FIN,AVWAGE,TOT,USD,A,2013,49465,
FIN,AVWAGE,TOT,USD,A,2014,49449,
FIN,AVWAGE,TOT,USD,A,2015,49836,
FIN,AVWAGE,TOT,USD,A,2016,50274,
FIN,AVWAGE,TOT,USD,A,2017,49985,
FIN,AVWAGE,TOT,USD,A,2018,50354,
FIN,AVWAGE,TOT,USD,A,2019,50873,
FIN,AVWAGE,TOT,USD,A,2020,51092,
FIN,AVWAGE,TOT,USD,A,2021,52785.32,
FIN,AVWAGE,TOT,USD,A,2022,51835.87,
FRA,AVWAGE,TOT,USD,A,1990,39184.04,
FRA,AVWAGE,TOT,USD,A,1991,39638.59,
FRA,AVWAGE,TOT,USD,A,1992,40082.35,
FRA,AVWAGE,TOT,USD,A,1993,40543.79,
FRA,AVWAGE,TOT,USD,A,1994,40713.47,
FRA,AVWAGE,TOT,USD,A,1995,39827.97,
FRA,AVWAGE,TOT,USD,A,1996,41440.29,
FRA,AVWAGE,TOT,USD,A,1997,41903.01,
FRA,AVWAGE,TOT,USD,A,1998,42550.45,
FRA,AVWAGE,TOT,USD,A,1999,43487.39,
FRA,AVWAGE,TOT,USD,A,2000,43694.35,
FRA,AVWAGE,TOT,USD,A,2001,43969.03,
FRA,AVWAGE,TOT,USD,A,2002,45155.67,
FRA,AVWAGE,TOT,USD,A,2003,45524.23,
FRA,AVWAGE,TOT,USD,A,2004,46266.46,
FRA,AVWAGE,TOT,USD,A,2005,46823.79,
FRA,AVWAGE,TOT,USD,A,2006,47347,
FRA,AVWAGE,TOT,USD,A,2007,47520,
FRA,AVWAGE,TOT,USD,A,2008,47429,
FRA,AVWAGE,TOT,USD,A,2009,48938,
FRA,AVWAGE,TOT,USD,A,2010,49926,
FRA,AVWAGE,TOT,USD,A,2011,49836,
FRA,AVWAGE,TOT,USD,A,2012,50159,
FRA,AVWAGE,TOT,USD,A,2013,50581,
FRA,AVWAGE,TOT,USD,A,2014,50929,
FRA,AVWAGE,TOT,USD,A,2015,51415,
FRA,AVWAGE,TOT,USD,A,2016,52010,
FRA,AVWAGE,TOT,USD,A,2017,52732,
FRA,AVWAGE,TOT,USD,A,2018,52664,
FRA,AVWAGE,TOT,USD,A,2019,53172,
FRA,AVWAGE,TOT,USD,A,2020,50550,
FRA,AVWAGE,TOT,USD,A,2021,52542.19,
FRA,AVWAGE,TOT,USD,A,2022,52763.59,
DEU,AVWAGE,TOT,USD,A,1991,45193.26,
DEU,AVWAGE,TOT,USD,A,1992,47965.97,
DEU,AVWAGE,TOT,USD,A,1993,48281.86,
DEU,AVWAGE,TOT,USD,A,1994,48388.12,
DEU,AVWAGE,TOT,USD,A,1995,48317.86,
DEU,AVWAGE,TOT,USD,A,1996,49981.57,
DEU,AVWAGE,TOT,USD,A,1997,49770.37,
DEU,AVWAGE,TOT,USD,A,1998,50379.97,
DEU,AVWAGE,TOT,USD,A,1999,51050.1,
DEU,AVWAGE,TOT,USD,A,2000,51344.1,
DEU,AVWAGE,TOT,USD,A,2001,51718.8,
DEU,AVWAGE,TOT,USD,A,2002,52022.68,
DEU,AVWAGE,TOT,USD,A,2003,52195.61,
DEU,AVWAGE,TOT,USD,A,2004,52188.86,
DEU,AVWAGE,TOT,USD,A,2005,52377.65,
DEU,AVWAGE,TOT,USD,A,2006,52367,
DEU,AVWAGE,TOT,USD,A,2007,52208,
DEU,AVWAGE,TOT,USD,A,2008,52442,
DEU,AVWAGE,TOT,USD,A,2009,52453,
DEU,AVWAGE,TOT,USD,A,2010,52912,
DEU,AVWAGE,TOT,USD,A,2011,53980,
DEU,AVWAGE,TOT,USD,A,2012,54699,
DEU,AVWAGE,TOT,USD,A,2013,55215,
DEU,AVWAGE,TOT,USD,A,2014,56141,
DEU,AVWAGE,TOT,USD,A,2015,57431,
DEU,AVWAGE,TOT,USD,A,2016,58311,
DEU,AVWAGE,TOT,USD,A,2017,58924,
DEU,AVWAGE,TOT,USD,A,2018,59750,
DEU,AVWAGE,TOT,USD,A,2019,60732,
DEU,AVWAGE,TOT,USD,A,2020,60309,
DEU,AVWAGE,TOT,USD,A,2021,60291.24,
DEU,AVWAGE,TOT,USD,A,2022,58940.33,
GRC,AVWAGE,TOT,USD,A,1995,22087.63,
GRC,AVWAGE,TOT,USD,A,1996,23037,
GRC,AVWAGE,TOT,USD,A,1997,25629.75,
GRC,AVWAGE,TOT,USD,A,1998,27749.4,
GRC,AVWAGE,TOT,USD,A,1999,28192.92,
GRC,AVWAGE,TOT,USD,A,2000,29797.17,
GRC,AVWAGE,TOT,USD,A,2001,30798.7,
GRC,AVWAGE,TOT,USD,A,2002,33599.24,
GRC,AVWAGE,TOT,USD,A,2003,35079.25,
GRC,AVWAGE,TOT,USD,A,2004,35722.57,
GRC,AVWAGE,TOT,USD,A,2005,35603.32,
GRC,AVWAGE,TOT,USD,A,2006,36027,
GRC,AVWAGE,TOT,USD,A,2007,36033.46,
GRC,AVWAGE,TOT,USD,A,2008,35476,
GRC,AVWAGE,TOT,USD,A,2009,37151,
GRC,AVWAGE,TOT,USD,A,2010,35454,
GRC,AVWAGE,TOT,USD,A,2011,33205,
GRC,AVWAGE,TOT,USD,A,2012,31272.46,
GRC,AVWAGE,TOT,USD,A,2013,29229,
GRC,AVWAGE,TOT,USD,A,2014,29108.47,
GRC,AVWAGE,TOT,USD,A,2015,29394.43,
GRC,AVWAGE,TOT,USD,A,2016,28720,
GRC,AVWAGE,TOT,USD,A,2017,28903,
GRC,AVWAGE,TOT,USD,A,2018,27569,
GRC,AVWAGE,TOT,USD,A,2019,27615.33,
GRC,AVWAGE,TOT,USD,A,2020,27747,
GRC,AVWAGE,TOT,USD,A,2021,27659.57,
GRC,AVWAGE,TOT,USD,A,2022,25978.98,
HUN,AVWAGE,TOT,USD,A,1995,17003.76,
HUN,AVWAGE,TOT,USD,A,1996,16325.15,
HUN,AVWAGE,TOT,USD,A,1997,16728,
HUN,AVWAGE,TOT,USD,A,1998,17103.69,
HUN,AVWAGE,TOT,USD,A,1999,17177.95,
HUN,AVWAGE,TOT,USD,A,2000,17968.89,
HUN,AVWAGE,TOT,USD,A,2001,19334.74,
HUN,AVWAGE,TOT,USD,A,2002,20301.14,
HUN,AVWAGE,TOT,USD,A,2003,21926.51,
HUN,AVWAGE,TOT,USD,A,2004,23457.65,
HUN,AVWAGE,TOT,USD,A,2005,24491.94,
HUN,AVWAGE,TOT,USD,A,2006,24968.58,
HUN,AVWAGE,TOT,USD,A,2007,24783,
HUN,AVWAGE,TOT,USD,A,2008,25128,
HUN,AVWAGE,TOT,USD,A,2009,23692,
HUN,AVWAGE,TOT,USD,A,2010,24005,
HUN,AVWAGE,TOT,USD,A,2011,24316,
HUN,AVWAGE,TOT,USD,A,2012,23506,
HUN,AVWAGE,TOT,USD,A,2013,23266.38,
HUN,AVWAGE,TOT,USD,A,2014,22961.47,
HUN,AVWAGE,TOT,USD,A,2015,23139.58,
HUN,AVWAGE,TOT,USD,A,2016,23349.37,
HUN,AVWAGE,TOT,USD,A,2017,25038,
HUN,AVWAGE,TOT,USD,A,2018,26264.72,
HUN,AVWAGE,TOT,USD,A,2019,27140.4,
HUN,AVWAGE,TOT,USD,A,2020,27588,
HUN,AVWAGE,TOT,USD,A,2021,28462.42,
HUN,AVWAGE,TOT,USD,A,2022,28474.64,
IRL,AVWAGE,TOT,USD,A,1990,28841.45,
IRL,AVWAGE,TOT,USD,A,1991,30033.1,
IRL,AVWAGE,TOT,USD,A,1992,31284.51,
IRL,AVWAGE,TOT,USD,A,1993,32833.11,
IRL,AVWAGE,TOT,USD,A,1994,33047.43,
IRL,AVWAGE,TOT,USD,A,1995,32402.09,
IRL,AVWAGE,TOT,USD,A,1996,34125.72,
IRL,AVWAGE,TOT,USD,A,1997,36047.55,
IRL,AVWAGE,TOT,USD,A,1998,36168.18,
IRL,AVWAGE,TOT,USD,A,1999,36975.79,
IRL,AVWAGE,TOT,USD,A,2000,37873.93,
IRL,AVWAGE,TOT,USD,A,2001,39371.67,
IRL,AVWAGE,TOT,USD,A,2002,39798.92,
IRL,AVWAGE,TOT,USD,A,2003,41094.87,
IRL,AVWAGE,TOT,USD,A,2004,42554.3,
IRL,AVWAGE,TOT,USD,A,2005,44330.03,
IRL,AVWAGE,TOT,USD,A,2006,44703,
IRL,AVWAGE,TOT,USD,A,2007,45969,
IRL,AVWAGE,TOT,USD,A,2008,48089.5,
IRL,AVWAGE,TOT,USD,A,2009,52639,
IRL,AVWAGE,TOT,USD,A,2010,52793,
IRL,AVWAGE,TOT,USD,A,2011,52035,
IRL,AVWAGE,TOT,USD,A,2012,51578,
IRL,AVWAGE,TOT,USD,A,2013,50323,
IRL,AVWAGE,TOT,USD,A,2014,50080,
IRL,AVWAGE,TOT,USD,A,2015,50079,
IRL,AVWAGE,TOT,USD,A,2016,50593,
IRL,AVWAGE,TOT,USD,A,2017,51180,
IRL,AVWAGE,TOT,USD,A,2018,51852,
IRL,AVWAGE,TOT,USD,A,2019,52648,
IRL,AVWAGE,TOT,USD,A,2020,53651,
IRL,AVWAGE,TOT,USD,A,2021,53209.48,
IRL,AVWAGE,TOT,USD,A,2022,52242.62,
ITA,AVWAGE,TOT,USD,A,1990,44963.94,
ITA,AVWAGE,TOT,USD,A,1991,45341.69,
ITA,AVWAGE,TOT,USD,A,1992,45297.8,
ITA,AVWAGE,TOT,USD,A,1993,44600.06,
ITA,AVWAGE,TOT,USD,A,1994,44022.51,
ITA,AVWAGE,TOT,USD,A,1995,41055.9,
ITA,AVWAGE,TOT,USD,A,1996,43400.7,
ITA,AVWAGE,TOT,USD,A,1997,44646.7,
ITA,AVWAGE,TOT,USD,A,1998,44793.69,
ITA,AVWAGE,TOT,USD,A,1999,45305.33,
ITA,AVWAGE,TOT,USD,A,2000,45289.58,
ITA,AVWAGE,TOT,USD,A,2001,45612.84,
ITA,AVWAGE,TOT,USD,A,2002,45290.1,
ITA,AVWAGE,TOT,USD,A,2003,45168.01,
ITA,AVWAGE,TOT,USD,A,2004,46032.26,
ITA,AVWAGE,TOT,USD,A,2005,46654.25,
ITA,AVWAGE,TOT,USD,A,2006,46947,
ITA,AVWAGE,TOT,USD,A,2007,46928,
ITA,AVWAGE,TOT,USD,A,2008,46864.48,
ITA,AVWAGE,TOT,USD,A,2009,47224,
ITA,AVWAGE,TOT,USD,A,2010,47629,
ITA,AVWAGE,TOT,USD,A,2011,46866,
ITA,AVWAGE,TOT,USD,A,2012,45379,
ITA,AVWAGE,TOT,USD,A,2013,45527,
ITA,AVWAGE,TOT,USD,A,2014,45703.51,
ITA,AVWAGE,TOT,USD,A,2015,46103,
ITA,AVWAGE,TOT,USD,A,2016,46468.52,
ITA,AVWAGE,TOT,USD,A,2017,46169,
ITA,AVWAGE,TOT,USD,A,2018,46230,
ITA,AVWAGE,TOT,USD,A,2019,46460,
ITA,AVWAGE,TOT,USD,A,2020,44246,
ITA,AVWAGE,TOT,USD,A,2021,45960.65,
ITA,AVWAGE,TOT,USD,A,2022,44893.33,
JPN,AVWAGE,TOT,USD,A,1990,39849.37,
JPN,AVWAGE,TOT,USD,A,1991,40378.56,
JPN,AVWAGE,TOT,USD,A,1992,40433.76,
JPN,AVWAGE,TOT,USD,A,1993,40123.21,
JPN,AVWAGE,TOT,USD,A,1994,40523.16,
JPN,AVWAGE,TOT,USD,A,1995,38266.05,
JPN,AVWAGE,TOT,USD,A,1996,41183.9,
JPN,AVWAGE,TOT,USD,A,1997,41510,
JPN,AVWAGE,TOT,USD,A,1998,41335.47,
JPN,AVWAGE,TOT,USD,A,1999,41196.88,
JPN,AVWAGE,TOT,USD,A,2000,41428.24,
JPN,AVWAGE,TOT,USD,A,2001,41006.37,
JPN,AVWAGE,TOT,USD,A,2002,40178.3,
JPN,AVWAGE,TOT,USD,A,2003,40212.77,
JPN,AVWAGE,TOT,USD,A,2004,40884.39,
JPN,AVWAGE,TOT,USD,A,2005,41936.1,
JPN,AVWAGE,TOT,USD,A,2006,41911,
JPN,AVWAGE,TOT,USD,A,2007,41799,
JPN,AVWAGE,TOT,USD,A,2008,41463,
JPN,AVWAGE,TOT,USD,A,2009,40869,
JPN,AVWAGE,TOT,USD,A,2010,40999,
JPN,AVWAGE,TOT,USD,A,2011,41656,
JPN,AVWAGE,TOT,USD,A,2012,40963,
JPN,AVWAGE,TOT,USD,A,2013,40995,
JPN,AVWAGE,TOT,USD,A,2014,40257,
JPN,AVWAGE,TOT,USD,A,2015,40062,
JPN,AVWAGE,TOT,USD,A,2016,40609,
JPN,AVWAGE,TOT,USD,A,2017,40710,
JPN,AVWAGE,TOT,USD,A,2018,41172,
JPN,AVWAGE,TOT,USD,A,2019,41699,
JPN,AVWAGE,TOT,USD,A,2020,41442,
JPN,AVWAGE,TOT,USD,A,2021,42041.31,
JPN,AVWAGE,TOT,USD,A,2022,41509.2,
KOR,AVWAGE,TOT,USD,A,1990,24088.43,
KOR,AVWAGE,TOT,USD,A,1991,25148.58,
KOR,AVWAGE,TOT,USD,A,1992,26213.88,
KOR,AVWAGE,TOT,USD,A,1993,27825.8,
KOR,AVWAGE,TOT,USD,A,1994,28392.05,
KOR,AVWAGE,TOT,USD,A,1995,29773.25,
KOR,AVWAGE,TOT,USD,A,1996,32649.17,
KOR,AVWAGE,TOT,USD,A,1997,31983.01,
KOR,AVWAGE,TOT,USD,A,1998,31652.64,
KOR,AVWAGE,TOT,USD,A,1999,31943.5,
KOR,AVWAGE,TOT,USD,A,2000,32242.64,
KOR,AVWAGE,TOT,USD,A,2001,33360.15,
KOR,AVWAGE,TOT,USD,A,2002,34507.35,
KOR,AVWAGE,TOT,USD,A,2003,35782.46,
KOR,AVWAGE,TOT,USD,A,2004,36589.82,
KOR,AVWAGE,TOT,USD,A,2005,37718.5,
KOR,AVWAGE,TOT,USD,A,2006,38204.39,
KOR,AVWAGE,TOT,USD,A,2007,39031,
KOR,AVWAGE,TOT,USD,A,2008,38914.39,
KOR,AVWAGE,TOT,USD,A,2009,39116,
KOR,AVWAGE,TOT,USD,A,2010,39730.45,
KOR,AVWAGE,TOT,USD,A,2011,40251.55,
KOR,AVWAGE,TOT,USD,A,2012,39660,
KOR,AVWAGE,TOT,USD,A,2013,40661,
KOR,AVWAGE,TOT,USD,A,2014,40746,
KOR,AVWAGE,TOT,USD,A,2015,41878,
KOR,AVWAGE,TOT,USD,A,2016,43106,
KOR,AVWAGE,TOT,USD,A,2017,44119,
KOR,AVWAGE,TOT,USD,A,2018,45640,
KOR,AVWAGE,TOT,USD,A,2019,47207,
KOR,AVWAGE,TOT,USD,A,2020,48294,
KOR,AVWAGE,TOT,USD,A,2021,49142.98,
KOR,AVWAGE,TOT,USD,A,2022,48921.93,
LUX,AVWAGE,TOT,USD,A,1990,53765.1,
LUX,AVWAGE,TOT,USD,A,1991,55284.57,
LUX,AVWAGE,TOT,USD,A,1992,56753.47,
LUX,AVWAGE,TOT,USD,A,1993,57853.1,
LUX,AVWAGE,TOT,USD,A,1994,58789.52,
LUX,AVWAGE,TOT,USD,A,1995,56878.23,
LUX,AVWAGE,TOT,USD,A,1996,59509.53,
LUX,AVWAGE,TOT,USD,A,1997,60632.47,
LUX,AVWAGE,TOT,USD,A,1998,60777.33,
LUX,AVWAGE,TOT,USD,A,1999,62143.77,
LUX,AVWAGE,TOT,USD,A,2000,64217.09,
LUX,AVWAGE,TOT,USD,A,2001,64622.1,
LUX,AVWAGE,TOT,USD,A,2002,65946.63,
LUX,AVWAGE,TOT,USD,A,2003,65475.22,
LUX,AVWAGE,TOT,USD,A,2004,66216.95,
LUX,AVWAGE,TOT,USD,A,2005,66536.84,
LUX,AVWAGE,TOT,USD,A,2006,67458,
LUX,AVWAGE,TOT,USD,A,2007,69283,
LUX,AVWAGE,TOT,USD,A,2008,68923,
LUX,AVWAGE,TOT,USD,A,2009,71070,
LUX,AVWAGE,TOT,USD,A,2010,71085,
LUX,AVWAGE,TOT,USD,A,2011,71478,
LUX,AVWAGE,TOT,USD,A,2012,70741,
LUX,AVWAGE,TOT,USD,A,2013,71601,
LUX,AVWAGE,TOT,USD,A,2014,72846,
LUX,AVWAGE,TOT,USD,A,2015,73225,
LUX,AVWAGE,TOT,USD,A,2016,72999,
LUX,AVWAGE,TOT,USD,A,2017,73918,
LUX,AVWAGE,TOT,USD,A,2018,74261,
LUX,AVWAGE,TOT,USD,A,2019,74399,
LUX,AVWAGE,TOT,USD,A,2020,74839,
LUX,AVWAGE,TOT,USD,A,2021,79018.9,
LUX,AVWAGE,TOT,USD,A,2022,78310.15,
MEX,AVWAGE,TOT,USD,A,1990,15530.74,
MEX,AVWAGE,TOT,USD,A,1991,16351.67,
MEX,AVWAGE,TOT,USD,A,1992,17241.49,
MEX,AVWAGE,TOT,USD,A,1993,17941.13,
MEX,AVWAGE,TOT,USD,A,1994,18396.5,
MEX,AVWAGE,TOT,USD,A,1995,15264.64,
MEX,AVWAGE,TOT,USD,A,1996,14273.18,
MEX,AVWAGE,TOT,USD,A,1997,14980.23,
MEX,AVWAGE,TOT,USD,A,1998,15803.68,
MEX,AVWAGE,TOT,USD,A,1999,16447.91,
MEX,AVWAGE,TOT,USD,A,2000,17310.58,
MEX,AVWAGE,TOT,USD,A,2001,18313.16,
MEX,AVWAGE,TOT,USD,A,2002,18241.34,
MEX,AVWAGE,TOT,USD,A,2003,18561.54,
MEX,AVWAGE,TOT,USD,A,2004,18650.08,
MEX,AVWAGE,TOT,USD,A,2005,18777.91,
MEX,AVWAGE,TOT,USD,A,2006,18746,
MEX,AVWAGE,TOT,USD,A,2007,18818,
MEX,AVWAGE,TOT,USD,A,2008,18656,
MEX,AVWAGE,TOT,USD,A,2009,18806.33,
MEX,AVWAGE,TOT,USD,A,2010,17618.36,
MEX,AVWAGE,TOT,USD,A,2011,17776.57,
MEX,AVWAGE,TOT,USD,A,2012,17457.21,
MEX,AVWAGE,TOT,USD,A,2013,17469.69,
MEX,AVWAGE,TOT,USD,A,2014,17503,
MEX,AVWAGE,TOT,USD,A,2015,17730.33,
MEX,AVWAGE,TOT,USD,A,2016,17521.66,
MEX,AVWAGE,TOT,USD,A,2017,17475.39,
MEX,AVWAGE,TOT,USD,A,2018,17865.23,
MEX,AVWAGE,TOT,USD,A,2019,18031.44,
MEX,AVWAGE,TOT,USD,A,2020,17467,
MEX,AVWAGE,TOT,USD,A,2021,17637.06,
MEX,AVWAGE,TOT,USD,A,2022,16685.37,
NLD,AVWAGE,TOT,USD,A,1990,58421.27,
NLD,AVWAGE,TOT,USD,A,1991,58878.84,
NLD,AVWAGE,TOT,USD,A,1992,59189.35,
NLD,AVWAGE,TOT,USD,A,1993,60185.85,
NLD,AVWAGE,TOT,USD,A,1994,60622.79,
NLD,AVWAGE,TOT,USD,A,1995,57838.74,
NLD,AVWAGE,TOT,USD,A,1996,59246.87,
NLD,AVWAGE,TOT,USD,A,1997,59431.66,
NLD,AVWAGE,TOT,USD,A,1998,57528.9,
NLD,AVWAGE,TOT,USD,A,1999,58627.73,
NLD,AVWAGE,TOT,USD,A,2000,60062.64,
NLD,AVWAGE,TOT,USD,A,2001,60953.86,
NLD,AVWAGE,TOT,USD,A,2002,61142.93,
NLD,AVWAGE,TOT,USD,A,2003,61574.4,
NLD,AVWAGE,TOT,USD,A,2004,62542.97,
NLD,AVWAGE,TOT,USD,A,2005,62542.65,
NLD,AVWAGE,TOT,USD,A,2006,62407,
NLD,AVWAGE,TOT,USD,A,2007,63276,
NLD,AVWAGE,TOT,USD,A,2008,63660,
NLD,AVWAGE,TOT,USD,A,2009,66337,
NLD,AVWAGE,TOT,USD,A,2010,66270,
NLD,AVWAGE,TOT,USD,A,2011,65977,
NLD,AVWAGE,TOT,USD,A,2012,66198,
NLD,AVWAGE,TOT,USD,A,2013,66395,
NLD,AVWAGE,TOT,USD,A,2014,66039,
NLD,AVWAGE,TOT,USD,A,2015,66841,
NLD,AVWAGE,TOT,USD,A,2016,67112,
NLD,AVWAGE,TOT,USD,A,2017,66634,
NLD,AVWAGE,TOT,USD,A,2018,65910,
NLD,AVWAGE,TOT,USD,A,2019,65449,
NLD,AVWAGE,TOT,USD,A,2020,67163,
NLD,AVWAGE,TOT,USD,A,2021,66221.48,
NLD,AVWAGE,TOT,USD,A,2022,63224.99,
NOR,AVWAGE,TOT,USD,A,1990,30121.07,
NOR,AVWAGE,TOT,USD,A,1991,30454.49,
NOR,AVWAGE,TOT,USD,A,1992,30843.77,
NOR,AVWAGE,TOT,USD,A,1993,31137.97,
NOR,AVWAGE,TOT,USD,A,1994,31772.74,
NOR,AVWAGE,TOT,USD,A,1995,36207.9,
NOR,AVWAGE,TOT,USD,A,1996,33026.39,
NOR,AVWAGE,TOT,USD,A,1997,33755.76,
NOR,AVWAGE,TOT,USD,A,1998,34997.52,
NOR,AVWAGE,TOT,USD,A,1999,36126.39,
NOR,AVWAGE,TOT,USD,A,2000,36444.2,
NOR,AVWAGE,TOT,USD,A,2001,37463.27,
NOR,AVWAGE,TOT,USD,A,2002,38854.5,
NOR,AVWAGE,TOT,USD,A,2003,39367.26,
NOR,AVWAGE,TOT,USD,A,2004,40693.29,
NOR,AVWAGE,TOT,USD,A,2005,41868.85,
NOR,AVWAGE,TOT,USD,A,2006,43540,
NOR,AVWAGE,TOT,USD,A,2007,45473,
NOR,AVWAGE,TOT,USD,A,2008,46429,
NOR,AVWAGE,TOT,USD,A,2009,46915,
NOR,AVWAGE,TOT,USD,A,2010,47531,
NOR,AVWAGE,TOT,USD,A,2011,49201,
NOR,AVWAGE,TOT,USD,A,2012,50542,
NOR,AVWAGE,TOT,USD,A,2013,51576,
NOR,AVWAGE,TOT,USD,A,2014,51809,
NOR,AVWAGE,TOT,USD,A,2015,52068,
NOR,AVWAGE,TOT,USD,A,2016,51226,
NOR,AVWAGE,TOT,USD,A,2017,51096,
NOR,AVWAGE,TOT,USD,A,2018,51340,
NOR,AVWAGE,TOT,USD,A,2019,52273,
NOR,AVWAGE,TOT,USD,A,2020,52415,
NOR,AVWAGE,TOT,USD,A,2021,53813.21,
NOR,AVWAGE,TOT,USD,A,2022,53755.94,
POL,AVWAGE,TOT,USD,A,1995,19062.7,
POL,AVWAGE,TOT,USD,A,1996,20106.33,
POL,AVWAGE,TOT,USD,A,1997,21137.1,
POL,AVWAGE,TOT,USD,A,1998,21767.88,
POL,AVWAGE,TOT,USD,A,1999,23660.3,
POL,AVWAGE,TOT,USD,A,2000,23769.61,
POL,AVWAGE,TOT,USD,A,2001,25120.04,
POL,AVWAGE,TOT,USD,A,2002,25032.11,
POL,AVWAGE,TOT,USD,A,2003,25339.55,
POL,AVWAGE,TOT,USD,A,2004,24784.94,
POL,AVWAGE,TOT,USD,A,2005,24682.38,
POL,AVWAGE,TOT,USD,A,2006,24848,
POL,AVWAGE,TOT,USD,A,2007,25663.7,
POL,AVWAGE,TOT,USD,A,2008,27010.61,
POL,AVWAGE,TOT,USD,A,2009,26996.51,
POL,AVWAGE,TOT,USD,A,2010,28090.56,
POL,AVWAGE,TOT,USD,A,2011,28247,
POL,AVWAGE,TOT,USD,A,2012,27972,
POL,AVWAGE,TOT,USD,A,2013,28273.57,
POL,AVWAGE,TOT,USD,A,2014,28919,
POL,AVWAGE,TOT,USD,A,2015,29635.47,
POL,AVWAGE,TOT,USD,A,2016,31199,
POL,AVWAGE,TOT,USD,A,2017,32474.61,
POL,AVWAGE,TOT,USD,A,2018,34546,
POL,AVWAGE,TOT,USD,A,2019,36667,
POL,AVWAGE,TOT,USD,A,2020,37325,
POL,AVWAGE,TOT,USD,A,2021,37126.69,
POL,AVWAGE,TOT,USD,A,2022,36896.56,
PRT,AVWAGE,TOT,USD,A,1995,26571.17,
PRT,AVWAGE,TOT,USD,A,1996,28439.81,
PRT,AVWAGE,TOT,USD,A,1997,29179.21,
PRT,AVWAGE,TOT,USD,A,1998,29544.29,
PRT,AVWAGE,TOT,USD,A,1999,30550.52,
PRT,AVWAGE,TOT,USD,A,2000,30975.01,
PRT,AVWAGE,TOT,USD,A,2001,31099.4,
PRT,AVWAGE,TOT,USD,A,2002,31086,
PRT,AVWAGE,TOT,USD,A,2003,31014.38,
PRT,AVWAGE,TOT,USD,A,2004,31055.55,
PRT,AVWAGE,TOT,USD,A,2005,30885.79,
PRT,AVWAGE,TOT,USD,A,2006,30215.47,
PRT,AVWAGE,TOT,USD,A,2007,30417,
PRT,AVWAGE,TOT,USD,A,2008,30315.49,
PRT,AVWAGE,TOT,USD,A,2009,31716,
PRT,AVWAGE,TOT,USD,A,2010,31589,
PRT,AVWAGE,TOT,USD,A,2011,30820,
PRT,AVWAGE,TOT,USD,A,2012,29495.54,
PRT,AVWAGE,TOT,USD,A,2013,30055.6,
PRT,AVWAGE,TOT,USD,A,2014,29538,
PRT,AVWAGE,TOT,USD,A,2015,29448.48,
PRT,AVWAGE,TOT,USD,A,2016,29320,
PRT,AVWAGE,TOT,USD,A,2017,29433.32,
PRT,AVWAGE,TOT,USD,A,2018,29919.33,
PRT,AVWAGE,TOT,USD,A,2019,31081.37,
PRT,AVWAGE,TOT,USD,A,2020,31300.37,
PRT,AVWAGE,TOT,USD,A,2021,32089.38,
PRT,AVWAGE,TOT,USD,A,2022,31921.66,
SVK,AVWAGE,TOT,USD,A,1994,11728.81,
SVK,AVWAGE,TOT,USD,A,1995,12632.29,
SVK,AVWAGE,TOT,USD,A,1996,13654.02,
SVK,AVWAGE,TOT,USD,A,1997,15504.44,
SVK,AVWAGE,TOT,USD,A,1998,16114.93,
SVK,AVWAGE,TOT,USD,A,1999,15779.49,
SVK,AVWAGE,TOT,USD,A,2000,16381.13,
SVK,AVWAGE,TOT,USD,A,2001,16382.07,
SVK,AVWAGE,TOT,USD,A,2002,17226.48,
SVK,AVWAGE,TOT,USD,A,2003,17559.19,
SVK,AVWAGE,TOT,USD,A,2004,17812.36,
SVK,AVWAGE,TOT,USD,A,2005,18906.78,
SVK,AVWAGE,TOT,USD,A,2006,19561,
SVK,AVWAGE,TOT,USD,A,2007,20761.35,
SVK,AVWAGE,TOT,USD,A,2008,20973.54,
SVK,AVWAGE,TOT,USD,A,2009,21689,
SVK,AVWAGE,TOT,USD,A,2010,22641.75,
SVK,AVWAGE,TOT,USD,A,2011,22442.51,
SVK,AVWAGE,TOT,USD,A,2012,22161,
SVK,AVWAGE,TOT,USD,A,2013,22333,
SVK,AVWAGE,TOT,USD,A,2014,22780.73,
SVK,AVWAGE,TOT,USD,A,2015,23676,
SVK,AVWAGE,TOT,USD,A,2016,24426,
SVK,AVWAGE,TOT,USD,A,2017,25151.45,
SVK,AVWAGE,TOT,USD,A,2018,25862,
SVK,AVWAGE,TOT,USD,A,2019,26706.52,
SVK,AVWAGE,TOT,USD,A,2020,27052,
SVK,AVWAGE,TOT,USD,A,2021,27546.58,
SVK,AVWAGE,TOT,USD,A,2022,26262.84,
ESP,AVWAGE,TOT,USD,A,1990,40073.6,
ESP,AVWAGE,TOT,USD,A,1991,41351.53,
ESP,AVWAGE,TOT,USD,A,1992,42879.65,
ESP,AVWAGE,TOT,USD,A,1993,43564.6,
ESP,AVWAGE,TOT,USD,A,1994,44019.56,
ESP,AVWAGE,TOT,USD,A,1995,41096.53,
ESP,AVWAGE,TOT,USD,A,1996,43730.41,
ESP,AVWAGE,TOT,USD,A,1997,43777.29,
ESP,AVWAGE,TOT,USD,A,1998,44011.32,
ESP,AVWAGE,TOT,USD,A,1999,43985.5,
ESP,AVWAGE,TOT,USD,A,2000,43029.08,
ESP,AVWAGE,TOT,USD,A,2001,42803.91,
ESP,AVWAGE,TOT,USD,A,2002,43018.47,
ESP,AVWAGE,TOT,USD,A,2003,42799.7,
ESP,AVWAGE,TOT,USD,A,2004,42254.99,
ESP,AVWAGE,TOT,USD,A,2005,42437.2,
ESP,AVWAGE,TOT,USD,A,2006,42234.56,
ESP,AVWAGE,TOT,USD,A,2007,42692,
ESP,AVWAGE,TOT,USD,A,2008,44201,
ESP,AVWAGE,TOT,USD,A,2009,46983,
ESP,AVWAGE,TOT,USD,A,2010,46538,
ESP,AVWAGE,TOT,USD,A,2011,45707,
ESP,AVWAGE,TOT,USD,A,2012,44427,
ESP,AVWAGE,TOT,USD,A,2013,44431,
ESP,AVWAGE,TOT,USD,A,2014,44294,
ESP,AVWAGE,TOT,USD,A,2015,44957,
ESP,AVWAGE,TOT,USD,A,2016,44704,
ESP,AVWAGE,TOT,USD,A,2017,44123,
ESP,AVWAGE,TOT,USD,A,2018,43975,
ESP,AVWAGE,TOT,USD,A,2019,44448,
ESP,AVWAGE,TOT,USD,A,2020,43828,
ESP,AVWAGE,TOT,USD,A,2021,44443.89,
ESP,AVWAGE,TOT,USD,A,2022,42859.34,
SWE,AVWAGE,TOT,USD,A,1990,31553.12,
SWE,AVWAGE,TOT,USD,A,1991,30050.72,
SWE,AVWAGE,TOT,USD,A,1992,30992.37,
SWE,AVWAGE,TOT,USD,A,1993,30586.29,
SWE,AVWAGE,TOT,USD,A,1994,31342.37,
SWE,AVWAGE,TOT,USD,A,1995,31198.92,
SWE,AVWAGE,TOT,USD,A,1996,33276.04,
SWE,AVWAGE,TOT,USD,A,1997,34584.46,
SWE,AVWAGE,TOT,USD,A,1998,35725.27,
SWE,AVWAGE,TOT,USD,A,1999,36486.27,
SWE,AVWAGE,TOT,USD,A,2000,37650.81,
SWE,AVWAGE,TOT,USD,A,2001,38086.02,
SWE,AVWAGE,TOT,USD,A,2002,38587.14,
SWE,AVWAGE,TOT,USD,A,2003,38908.19,
SWE,AVWAGE,TOT,USD,A,2004,40203.84,
SWE,AVWAGE,TOT,USD,A,2005,41216.49,
SWE,AVWAGE,TOT,USD,A,2006,42366,
SWE,AVWAGE,TOT,USD,A,2007,43779,
SWE,AVWAGE,TOT,USD,A,2008,44635,
SWE,AVWAGE,TOT,USD,A,2009,44790,
SWE,AVWAGE,TOT,USD,A,2010,45337.48,
SWE,AVWAGE,TOT,USD,A,2011,46020,
SWE,AVWAGE,TOT,USD,A,2012,46993,
SWE,AVWAGE,TOT,USD,A,2013,47506,
SWE,AVWAGE,TOT,USD,A,2014,48043,
SWE,AVWAGE,TOT,USD,A,2015,48770.49,
SWE,AVWAGE,TOT,USD,A,2016,49535,
SWE,AVWAGE,TOT,USD,A,2017,49797,
SWE,AVWAGE,TOT,USD,A,2018,50041,
SWE,AVWAGE,TOT,USD,A,2019,50559,
SWE,AVWAGE,TOT,USD,A,2020,51214,
SWE,AVWAGE,TOT,USD,A,2021,51928.98,
SWE,AVWAGE,TOT,USD,A,2022,50406.83,
CHE,AVWAGE,TOT,USD,A,1990,55476.31,
CHE,AVWAGE,TOT,USD,A,1991,56464.63,
CHE,AVWAGE,TOT,USD,A,1992,56948.8,
CHE,AVWAGE,TOT,USD,A,1993,57572.46,
CHE,AVWAGE,TOT,USD,A,1994,58283.21,
CHE,AVWAGE,TOT,USD,A,1995,56182.27,
CHE,AVWAGE,TOT,USD,A,1996,57610.92,
CHE,AVWAGE,TOT,USD,A,1997,58645.79,
CHE,AVWAGE,TOT,USD,A,1998,58814.06,
CHE,AVWAGE,TOT,USD,A,1999,59892.08,
CHE,AVWAGE,TOT,USD,A,2000,60767.71,
CHE,AVWAGE,TOT,USD,A,2001,64157.52,
CHE,AVWAGE,TOT,USD,A,2002,65448.02,
CHE,AVWAGE,TOT,USD,A,2003,65111.64,
CHE,AVWAGE,TOT,USD,A,2004,64650.68,
CHE,AVWAGE,TOT,USD,A,2005,65657.75,
CHE,AVWAGE,TOT,USD,A,2006,65847,
CHE,AVWAGE,TOT,USD,A,2007,66634,
CHE,AVWAGE,TOT,USD,A,2008,66983,
CHE,AVWAGE,TOT,USD,A,2009,68319,
CHE,AVWAGE,TOT,USD,A,2010,67961,
CHE,AVWAGE,TOT,USD,A,2011,68401,
CHE,AVWAGE,TOT,USD,A,2012,69383,
CHE,AVWAGE,TOT,USD,A,2013,70280,
CHE,AVWAGE,TOT,USD,A,2014,70412,
CHE,AVWAGE,TOT,USD,A,2015,70797,
CHE,AVWAGE,TOT,USD,A,2016,70468,
CHE,AVWAGE,TOT,USD,A,2017,70087,
CHE,AVWAGE,TOT,USD,A,2018,69892,
CHE,AVWAGE,TOT,USD,A,2019,71189,
CHE,AVWAGE,TOT,USD,A,2020,69728,
CHE,AVWAGE,TOT,USD,A,2021,72358.44,
CHE,AVWAGE,TOT,USD,A,2022,72993.02,
GBR,AVWAGE,TOT,USD,A,1990,36888.26,
GBR,AVWAGE,TOT,USD,A,1991,36982.91,
GBR,AVWAGE,TOT,USD,A,1992,37721.36,
GBR,AVWAGE,TOT,USD,A,1993,38323.53,
GBR,AVWAGE,TOT,USD,A,1994,38989.35,
GBR,AVWAGE,TOT,USD,A,1995,38241.81,
GBR,AVWAGE,TOT,USD,A,1996,38948.97,
GBR,AVWAGE,TOT,USD,A,1997,40373.21,
GBR,AVWAGE,TOT,USD,A,1998,40920.73,
GBR,AVWAGE,TOT,USD,A,1999,42984.91,
GBR,AVWAGE,TOT,USD,A,2000,44967.09,
GBR,AVWAGE,TOT,USD,A,2001,46885.64,
GBR,AVWAGE,TOT,USD,A,2002,47505.08,
GBR,AVWAGE,TOT,USD,A,2003,49042.43,
GBR,AVWAGE,TOT,USD,A,2004,50561.33,
GBR,AVWAGE,TOT,USD,A,2005,50067.25,
GBR,AVWAGE,TOT,USD,A,2006,51890,
GBR,AVWAGE,TOT,USD,A,2007,53926,
GBR,AVWAGE,TOT,USD,A,2008,52475,
GBR,AVWAGE,TOT,USD,A,2009,52346,
GBR,AVWAGE,TOT,USD,A,2010,52455,
GBR,AVWAGE,TOT,USD,A,2011,51497,
GBR,AVWAGE,TOT,USD,A,2012,51070,
GBR,AVWAGE,TOT,USD,A,2013,51594,
GBR,AVWAGE,TOT,USD,A,2014,51816,
GBR,AVWAGE,TOT,USD,A,2015,52549,
GBR,AVWAGE,TOT,USD,A,2016,53156,
GBR,AVWAGE,TOT,USD,A,2017,53471,
GBR,AVWAGE,TOT,USD,A,2018,53950,
GBR,AVWAGE,TOT,USD,A,2019,54703,
GBR,AVWAGE,TOT,USD,A,2020,53612,
GBR,AVWAGE,TOT,USD,A,2021,54762.3,
GBR,AVWAGE,TOT,USD,A,2022,53985.06,
USA,AVWAGE,TOT,USD,A,1990,51871.92,
USA,AVWAGE,TOT,USD,A,1991,52224.42,
USA,AVWAGE,TOT,USD,A,1992,53434.84,
USA,AVWAGE,TOT,USD,A,1993,53133.76,
USA,AVWAGE,TOT,USD,A,1994,52930.64,
USA,AVWAGE,TOT,USD,A,1995,53231,
USA,AVWAGE,TOT,USD,A,1996,54009.37,
USA,AVWAGE,TOT,USD,A,1997,55357.47,
USA,AVWAGE,TOT,USD,A,1998,57637.04,
USA,AVWAGE,TOT,USD,A,1999,59155.74,
USA,AVWAGE,TOT,USD,A,2000,61131.6,
USA,AVWAGE,TOT,USD,A,2001,61601.24,
USA,AVWAGE,TOT,USD,A,2002,62096.63,
USA,AVWAGE,TOT,USD,A,2003,62764.1,
USA,AVWAGE,TOT,USD,A,2004,63927.41,
USA,AVWAGE,TOT,USD,A,2005,63987.32,
USA,AVWAGE,TOT,USD,A,2006,64945,
USA,AVWAGE,TOT,USD,A,2007,66174,
USA,AVWAGE,TOT,USD,A,2008,66011,
USA,AVWAGE,TOT,USD,A,2009,66673,
USA,AVWAGE,TOT,USD,A,2010,67263,
USA,AVWAGE,TOT,USD,A,2011,67353,
USA,AVWAGE,TOT,USD,A,2012,67928,
USA,AVWAGE,TOT,USD,A,2013,67604,
USA,AVWAGE,TOT,USD,A,2014,68591,
USA,AVWAGE,TOT,USD,A,2015,70320,
USA,AVWAGE,TOT,USD,A,2016,70446,
USA,AVWAGE,TOT,USD,A,2017,71157,
USA,AVWAGE,TOT,USD,A,2018,71937,
USA,AVWAGE,TOT,USD,A,2019,73194,
USA,AVWAGE,TOT,USD,A,2020,77567,
USA,AVWAGE,TOT,USD,A,2021,78894.28,
USA,AVWAGE,TOT,USD,A,2022,77463.47,
EST,AVWAGE,TOT,USD,A,1995,10671.3,
EST,AVWAGE,TOT,USD,A,1996,10838.2,
EST,AVWAGE,TOT,USD,A,1997,11838.41,
EST,AVWAGE,TOT,USD,A,1998,12637.14,
EST,AVWAGE,TOT,USD,A,1999,13189.7,
EST,AVWAGE,TOT,USD,A,2000,14254,
EST,AVWAGE,TOT,USD,A,2001,14756.03,
EST,AVWAGE,TOT,USD,A,2002,15621.99,
EST,AVWAGE,TOT,USD,A,2003,17131.06,
EST,AVWAGE,TOT,USD,A,2004,18486.64,
EST,AVWAGE,TOT,USD,A,2005,19715.33,
EST,AVWAGE,TOT,USD,A,2006,21504,
EST,AVWAGE,TOT,USD,A,2007,25012,
EST,AVWAGE,TOT,USD,A,2008,25382.4,
EST,AVWAGE,TOT,USD,A,2009,24704.34,
EST,AVWAGE,TOT,USD,A,2010,24461.31,
EST,AVWAGE,TOT,USD,A,2011,23907.26,
EST,AVWAGE,TOT,USD,A,2012,24256,
EST,AVWAGE,TOT,USD,A,2013,24858.68,
EST,AVWAGE,TOT,USD,A,2014,26232.47,
EST,AVWAGE,TOT,USD,A,2015,27434,
EST,AVWAGE,TOT,USD,A,2016,28837,
EST,AVWAGE,TOT,USD,A,2017,29499.52,
EST,AVWAGE,TOT,USD,A,2018,31391,
EST,AVWAGE,TOT,USD,A,2019,33006,
EST,AVWAGE,TOT,USD,A,2020,35128,
EST,AVWAGE,TOT,USD,A,2021,37317.82,
EST,AVWAGE,TOT,USD,A,2022,34704.57,
ISR,AVWAGE,TOT,USD,A,1995,30160.86,
ISR,AVWAGE,TOT,USD,A,1996,33565.36,
ISR,AVWAGE,TOT,USD,A,1997,34604.64,
ISR,AVWAGE,TOT,USD,A,1998,35944.72,
ISR,AVWAGE,TOT,USD,A,1999,36578.62,
ISR,AVWAGE,TOT,USD,A,2000,37781.72,
ISR,AVWAGE,TOT,USD,A,2001,38369.97,
ISR,AVWAGE,TOT,USD,A,2002,36922.7,
ISR,AVWAGE,TOT,USD,A,2003,35655.65,
ISR,AVWAGE,TOT,USD,A,2004,35106.85,
ISR,AVWAGE,TOT,USD,A,2005,35173.9,
ISR,AVWAGE,TOT,USD,A,2006,36161,
ISR,AVWAGE,TOT,USD,A,2007,36502,
ISR,AVWAGE,TOT,USD,A,2008,35979,
ISR,AVWAGE,TOT,USD,A,2009,34890,
ISR,AVWAGE,TOT,USD,A,2010,34993,
ISR,AVWAGE,TOT,USD,A,2011,35189.5,
ISR,AVWAGE,TOT,USD,A,2012,35792,
ISR,AVWAGE,TOT,USD,A,2013,35900,
ISR,AVWAGE,TOT,USD,A,2014,36112.43,
ISR,AVWAGE,TOT,USD,A,2015,37213,
ISR,AVWAGE,TOT,USD,A,2016,38697.55,
ISR,AVWAGE,TOT,USD,A,2017,39898,
ISR,AVWAGE,TOT,USD,A,2018,41059,
ISR,AVWAGE,TOT,USD,A,2019,41964.5,
ISR,AVWAGE,TOT,USD,A,2020,42130,
ISR,AVWAGE,TOT,USD,A,2021,44338.87,
ISR,AVWAGE,TOT,USD,A,2022,44155.95,
SVN,AVWAGE,TOT,USD,A,1995,27803.27,
SVN,AVWAGE,TOT,USD,A,1996,29779.7,
SVN,AVWAGE,TOT,USD,A,1997,31404.42,
SVN,AVWAGE,TOT,USD,A,1998,31791.96,
SVN,AVWAGE,TOT,USD,A,1999,32379.37,
SVN,AVWAGE,TOT,USD,A,2000,33203.23,
SVN,AVWAGE,TOT,USD,A,2001,34558.42,
SVN,AVWAGE,TOT,USD,A,2002,34648.44,
SVN,AVWAGE,TOT,USD,A,2003,35375.71,
SVN,AVWAGE,TOT,USD,A,2004,37099.95,
SVN,AVWAGE,TOT,USD,A,2005,38510.08,
SVN,AVWAGE,TOT,USD,A,2006,39774.48,
SVN,AVWAGE,TOT,USD,A,2007,40657,
SVN,AVWAGE,TOT,USD,A,2008,41272,
SVN,AVWAGE,TOT,USD,A,2009,41676,
SVN,AVWAGE,TOT,USD,A,2010,42846,
SVN,AVWAGE,TOT,USD,A,2011,42724.51,
SVN,AVWAGE,TOT,USD,A,2012,41437.46,
SVN,AVWAGE,TOT,USD,A,2013,40760,
SVN,AVWAGE,TOT,USD,A,2014,41576,
SVN,AVWAGE,TOT,USD,A,2015,42482,
SVN,AVWAGE,TOT,USD,A,2016,44095,
SVN,AVWAGE,TOT,USD,A,2017,44894,
SVN,AVWAGE,TOT,USD,A,2018,45702,
SVN,AVWAGE,TOT,USD,A,2019,47050,
SVN,AVWAGE,TOT,USD,A,2020,48605,
SVN,AVWAGE,TOT,USD,A,2021,50466.69,
SVN,AVWAGE,TOT,USD,A,2022,47203.63,
OECD,AVWAGE,TOT,USD,A,1990,39562.14,
OECD,AVWAGE,TOT,USD,A,1991,39832.81,
OECD,AVWAGE,TOT,USD,A,1992,40615.09,
OECD,AVWAGE,TOT,USD,A,1993,40667.76,
OECD,AVWAGE,TOT,USD,A,1994,40794.89,
OECD,AVWAGE,TOT,USD,A,1995,40138.2,
OECD,AVWAGE,TOT,USD,A,1996,41524.14,
OECD,AVWAGE,TOT,USD,A,1997,42271.01,
OECD,AVWAGE,TOT,USD,A,1998,43240.83,
OECD,AVWAGE,TOT,USD,A,1999,44261.57,
OECD,AVWAGE,TOT,USD,A,2000,45183.24,
OECD,AVWAGE,TOT,USD,A,2001,45679.71,
OECD,AVWAGE,TOT,USD,A,2002,45810.27,
OECD,AVWAGE,TOT,USD,A,2003,46188.96,
OECD,AVWAGE,TOT,USD,A,2004,46850.28,
OECD,AVWAGE,TOT,USD,A,2005,47333.78,
OECD,AVWAGE,TOT,USD,A,2006,47796.07,
OECD,AVWAGE,TOT,USD,A,2007,48419.12,
OECD,AVWAGE,TOT,USD,A,2008,48369.84,
OECD,AVWAGE,TOT,USD,A,2009,48672.29,
OECD,AVWAGE,TOT,USD,A,2010,48788.23,
OECD,AVWAGE,TOT,USD,A,2011,48926.06,
OECD,AVWAGE,TOT,USD,A,2012,48918.89,
OECD,AVWAGE,TOT,USD,A,2013,49052.82,
OECD,AVWAGE,TOT,USD,A,2014,49430.9,
OECD,AVWAGE,TOT,USD,A,2015,50275.72,
OECD,AVWAGE,TOT,USD,A,2016,50740.69,
OECD,AVWAGE,TOT,USD,A,2017,51119.88,
OECD,AVWAGE,TOT,USD,A,2018,51737.71,
OECD,AVWAGE,TOT,USD,A,2019,52631.36,
OECD,AVWAGE,TOT,USD,A,2020,53427.23,
OECD,AVWAGE,TOT,USD,A,2021,54249.81,
OECD,AVWAGE,TOT,USD,A,2022,53407.47,
ISL,AVWAGE,TOT,USD,A,1990,43113.38,
ISL,AVWAGE,TOT,USD,A,1991,46610.28,
ISL,AVWAGE,TOT,USD,A,1992,44994.35,
ISL,AVWAGE,TOT,USD,A,1993,42616.12,
ISL,AVWAGE,TOT,USD,A,1994,43473.92,
ISL,AVWAGE,TOT,USD,A,1995,44217.69,
ISL,AVWAGE,TOT,USD,A,1996,45932.14,
ISL,AVWAGE,TOT,USD,A,1997,47880.31,
ISL,AVWAGE,TOT,USD,A,1998,52841.06,
ISL,AVWAGE,TOT,USD,A,1999,55312.63,
ISL,AVWAGE,TOT,USD,A,2000,57007.9,
ISL,AVWAGE,TOT,USD,A,2001,56571.3,
ISL,AVWAGE,TOT,USD,A,2002,58197.09,
ISL,AVWAGE,TOT,USD,A,2003,56719.12,
ISL,AVWAGE,TOT,USD,A,2004,60144.39,
ISL,AVWAGE,TOT,USD,A,2005,64809.45,
ISL,AVWAGE,TOT,USD,A,2006,68219,
ISL,AVWAGE,TOT,USD,A,2007,70267,
ISL,AVWAGE,TOT,USD,A,2008,62292,
ISL,AVWAGE,TOT,USD,A,2009,52694,
ISL,AVWAGE,TOT,USD,A,2010,54268,
ISL,AVWAGE,TOT,USD,A,2011,56570,
ISL,AVWAGE,TOT,USD,A,2012,56277,
ISL,AVWAGE,TOT,USD,A,2013,57135,
ISL,AVWAGE,TOT,USD,A,2014,57946,
ISL,AVWAGE,TOT,USD,A,2015,61777,
ISL,AVWAGE,TOT,USD,A,2016,68732,
ISL,AVWAGE,TOT,USD,A,2017,75287,
ISL,AVWAGE,TOT,USD,A,2018,79476,
ISL,AVWAGE,TOT,USD,A,2019,76444,
ISL,AVWAGE,TOT,USD,A,2020,71687,
ISL,AVWAGE,TOT,USD,A,2021,74654.52,
ISL,AVWAGE,TOT,USD,A,2022,79473.36,
NZL,AVWAGE,TOT,USD,A,1990,34304.83,
NZL,AVWAGE,TOT,USD,A,1991,32951.41,
NZL,AVWAGE,TOT,USD,A,1992,34407.17,
NZL,AVWAGE,TOT,USD,A,1993,35296.89,
NZL,AVWAGE,TOT,USD,A,1994,35919.87,
NZL,AVWAGE,TOT,USD,A,1995,35347.14,
NZL,AVWAGE,TOT,USD,A,1996,36347.1,
NZL,AVWAGE,TOT,USD,A,1997,37379.94,
NZL,AVWAGE,TOT,USD,A,1998,36766.02,
NZL,AVWAGE,TOT,USD,A,1999,36307.96,
NZL,AVWAGE,TOT,USD,A,2000,36451.93,
NZL,AVWAGE,TOT,USD,A,2001,37143.59,
NZL,AVWAGE,TOT,USD,A,2002,37829.94,
NZL,AVWAGE,TOT,USD,A,2003,39232.67,
NZL,AVWAGE,TOT,USD,A,2004,40606.51,
NZL,AVWAGE,TOT,USD,A,2005,41292.85,
NZL,AVWAGE,TOT,USD,A,2006,41548,
NZL,AVWAGE,TOT,USD,A,2007,43973,
NZL,AVWAGE,TOT,USD,A,2008,43463,
NZL,AVWAGE,TOT,USD,A,2009,43994,
NZL,AVWAGE,TOT,USD,A,2010,44475.53,
NZL,AVWAGE,TOT,USD,A,2011,44442,
NZL,AVWAGE,TOT,USD,A,2012,45402,
NZL,AVWAGE,TOT,USD,A,2013,44794,
NZL,AVWAGE,TOT,USD,A,2014,44969,
NZL,AVWAGE,TOT,USD,A,2015,45779,
NZL,AVWAGE,TOT,USD,A,2016,47269,
NZL,AVWAGE,TOT,USD,A,2017,47594,
NZL,AVWAGE,TOT,USD,A,2018,48784,
NZL,AVWAGE,TOT,USD,A,2019,50211,
NZL,AVWAGE,TOT,USD,A,2020,51417,
NZL,AVWAGE,TOT,USD,A,2021,51877.34,
NZL,AVWAGE,TOT,USD,A,2022,50722.45,
CHL,AVWAGE,TOT,USD,A,1996,17383.36,
CHL,AVWAGE,TOT,USD,A,1997,18600.43,
CHL,AVWAGE,TOT,USD,A,1998,19515.21,
CHL,AVWAGE,TOT,USD,A,1999,20533.36,
CHL,AVWAGE,TOT,USD,A,2000,20514.91,
CHL,AVWAGE,TOT,USD,A,2001,21090.01,
CHL,AVWAGE,TOT,USD,A,2002,21378.51,
CHL,AVWAGE,TOT,USD,A,2003,21710.7,
CHL,AVWAGE,TOT,USD,A,2004,21258.81,
CHL,AVWAGE,TOT,USD,A,2005,21069.07,
CHL,AVWAGE,TOT,USD,A,2006,21588.58,
CHL,AVWAGE,TOT,USD,A,2007,22100.34,
CHL,AVWAGE,TOT,USD,A,2008,22504.53,
CHL,AVWAGE,TOT,USD,A,2009,24588.31,
CHL,AVWAGE,TOT,USD,A,2010,27871,
CHL,AVWAGE,TOT,USD,A,2011,28639,
CHL,AVWAGE,TOT,USD,A,2012,29661,
CHL,AVWAGE,TOT,USD,A,2013,30530,
CHL,AVWAGE,TOT,USD,A,2014,30657,
CHL,AVWAGE,TOT,USD,A,2015,30614.54,
CHL,AVWAGE,TOT,USD,A,2016,31834,
CHL,AVWAGE,TOT,USD,A,2017,30847,
CHL,AVWAGE,TOT,USD,A,2018,32348,
CHL,AVWAGE,TOT,USD,A,2019,33190.5,
CHL,AVWAGE,TOT,USD,A,2020,31369,
CHL,AVWAGE,TOT,USD,A,2021,33042.33,
LVA,AVWAGE,TOT,USD,A,1996,11340.2,
LVA,AVWAGE,TOT,USD,A,1997,11875,
LVA,AVWAGE,TOT,USD,A,1998,12234.52,
LVA,AVWAGE,TOT,USD,A,1999,12738.39,
LVA,AVWAGE,TOT,USD,A,2000,13406.71,
LVA,AVWAGE,TOT,USD,A,2001,13843.79,
LVA,AVWAGE,TOT,USD,A,2002,13420.24,
LVA,AVWAGE,TOT,USD,A,2003,14380.67,
LVA,AVWAGE,TOT,USD,A,2004,15634.09,
LVA,AVWAGE,TOT,USD,A,2005,18183.98,
LVA,AVWAGE,TOT,USD,A,2006,20051.21,
LVA,AVWAGE,TOT,USD,A,2007,24721,
LVA,AVWAGE,TOT,USD,A,2008,25508.26,
LVA,AVWAGE,TOT,USD,A,2009,23031.26,
LVA,AVWAGE,TOT,USD,A,2010,22140.49,
LVA,AVWAGE,TOT,USD,A,2011,21373,
LVA,AVWAGE,TOT,USD,A,2012,22240,
LVA,AVWAGE,TOT,USD,A,2013,23301.45,
LVA,AVWAGE,TOT,USD,A,2014,24864,
LVA,AVWAGE,TOT,USD,A,2015,26944,
LVA,AVWAGE,TOT,USD,A,2016,28522.6,
LVA,AVWAGE,TOT,USD,A,2017,29546,
LVA,AVWAGE,TOT,USD,A,2018,30640,
LVA,AVWAGE,TOT,USD,A,2019,31972,
LVA,AVWAGE,TOT,USD,A,2020,33199,
LVA,AVWAGE,TOT,USD,A,2021,35923.06,
LVA,AVWAGE,TOT,USD,A,2022,34136.15,
LTU,AVWAGE,TOT,USD,A,1995,12675.26,
LTU,AVWAGE,TOT,USD,A,1996,13516.23,
LTU,AVWAGE,TOT,USD,A,1997,14934.62,
LTU,AVWAGE,TOT,USD,A,1998,16311.04,
LTU,AVWAGE,TOT,USD,A,1999,17032.23,
LTU,AVWAGE,TOT,USD,A,2000,17102.38,
LTU,AVWAGE,TOT,USD,A,2001,18055.46,
LTU,AVWAGE,TOT,USD,A,2002,19273.96,
LTU,AVWAGE,TOT,USD,A,2003,21352.47,
LTU,AVWAGE,TOT,USD,A,2004,23693.94,
LTU,AVWAGE,TOT,USD,A,2005,26174.76,
LTU,AVWAGE,TOT,USD,A,2006,29975,
LTU,AVWAGE,TOT,USD,A,2007,31928.6,
LTU,AVWAGE,TOT,USD,A,2008,32512,
LTU,AVWAGE,TOT,USD,A,2009,28233,
LTU,AVWAGE,TOT,USD,A,2010,28340,
LTU,AVWAGE,TOT,USD,A,2011,28918,
LTU,AVWAGE,TOT,USD,A,2012,29401,
LTU,AVWAGE,TOT,USD,A,2013,30514.65,
LTU,AVWAGE,TOT,USD,A,2014,31902.39,
LTU,AVWAGE,TOT,USD,A,2015,33988.65,
LTU,AVWAGE,TOT,USD,A,2016,35752,
LTU,AVWAGE,TOT,USD,A,2017,37766,
LTU,AVWAGE,TOT,USD,A,2018,39524,
LTU,AVWAGE,TOT,USD,A,2019,42041,
LTU,AVWAGE,TOT,USD,A,2020,44228,
LTU,AVWAGE,TOT,USD,A,2021,47035.44,
LTU,AVWAGE,TOT,USD,A,2022,43874.58,
TUR,AVWAGE,TOT,USD,A,2006,21432,
TUR,AVWAGE,TOT,USD,A,2007,22169.65,
TUR,AVWAGE,TOT,USD,A,2008,22042,
TUR,AVWAGE,TOT,USD,A,2009,22292,
TUR,AVWAGE,TOT,USD,A,2010,22847,
TUR,AVWAGE,TOT,USD,A,2011,23216,
TUR,AVWAGE,TOT,USD,A,2012,24153,
TUR,AVWAGE,TOT,USD,A,2013,25265,
TUR,AVWAGE,TOT,USD,A,2014,26126.55,
TUR,AVWAGE,TOT,USD,A,2015,26785.68,
TUR,AVWAGE,TOT,USD,A,2016,30081.3,
TUR,AVWAGE,TOT,USD,A,2017,29515.32,
TUR,AVWAGE,TOT,USD,A,2018,30040.53,
TUR,AVWAGE,TOT,USD,A,2019,31927,
TUR,AVWAGE,TOT,USD,A,2020,31761.46,
COL,AVWAGE,TOT,USD,A,2005,11337.68,
COL,AVWAGE,TOT,USD,A,2006,11883.52,
COL,AVWAGE,TOT,USD,A,2007,12092.43,
COL,AVWAGE,TOT,USD,A,2008,13539.18,
COL,AVWAGE,TOT,USD,A,2009,14598.5,
COL,AVWAGE,TOT,USD,A,2010,15178.25,
COL,AVWAGE,TOT,USD,A,2011,15542.81,
COL,AVWAGE,TOT,USD,A,2012,16173.66,
COL,AVWAGE,TOT,USD,A,2013,16638.45,
COL,AVWAGE,TOT,USD,A,2014,16904.61,
COL,AVWAGE,TOT,USD,A,2015,17879.31,
COL,AVWAGE,TOT,USD,A,2016,18653.26,
COL,AVWAGE,TOT,USD,A,2017,19424.86,
COL,AVWAGE,TOT,USD,A,2018,20370.7,
COL,AVWAGE,TOT,USD,A,2019,20706.68,
COL,AVWAGE,TOT,USD,A,2020,23617.24,
COL,AVWAGE,TOT,USD,A,2021,21929.89,
CRI,AVWAGE,TOT,USD,A,1991,2159.208,
CRI,AVWAGE,TOT,USD,A,1992,2521.398,
CRI,AVWAGE,TOT,USD,A,1993,2812.545,
CRI,AVWAGE,TOT,USD,A,1994,3174.156,
CRI,AVWAGE,TOT,USD,A,1995,3726.23,
CRI,AVWAGE,TOT,USD,A,1996,4320.677,
CRI,AVWAGE,TOT,USD,A,1997,4802.625,
CRI,AVWAGE,TOT,USD,A,1998,5306.274,
CRI,AVWAGE,TOT,USD,A,1999,6181.746,
CRI,AVWAGE,TOT,USD,A,2000,6731.389,
CRI,AVWAGE,TOT,USD,A,2001,7395.106,
CRI,AVWAGE,TOT,USD,A,2002,8122.223,
CRI,AVWAGE,TOT,USD,A,2003,8613.252,
CRI,AVWAGE,TOT,USD,A,2004,9690.354,
CRI,AVWAGE,TOT,USD,A,2005,9995.849,
CRI,AVWAGE,TOT,USD,A,2006,11520.52,
CRI,AVWAGE,TOT,USD,A,2007,12378.14,
CRI,AVWAGE,TOT,USD,A,2008,14052.17,
CRI,AVWAGE,TOT,USD,A,2009,16404.81,
CRI,AVWAGE,TOT,USD,A,2010,17665.79,
CRI,AVWAGE,TOT,USD,A,2011,18955.02,
CRI,AVWAGE,TOT,USD,A,2012,19540.81,
CRI,AVWAGE,TOT,USD,A,2013,21696.29,
CRI,AVWAGE,TOT,USD,A,2014,22743.08,
CRI,AVWAGE,TOT,USD,A,2015,24448.59,
CRI,AVWAGE,TOT,USD,A,2016,25689.46,
CRI,AVWAGE,TOT,USD,A,2017,25839.5,
CRI,AVWAGE,TOT,USD,A,2018,26764.21,
CRI,AVWAGE,TOT,USD,A,2019,27875.2,
CRI,AVWAGE,TOT,USD,A,2020,30658.3,
CRI,AVWAGE,TOT,USD,A,2021,30499.41,
