Country name_x,Alpha-2 code,ISO3,Numeric code,latitude,longitude,year,Country name_y,Healthy life expectancy at birth,INDICATOR_x,SUBJECT_x,MEASURE_x,FREQUENCY_x,money,Flag Codes_x,INDICATOR_y,SUBJECT_y,MEASURE_y,FREQUENCY_y,time,Flag Codes_y
Australia,AU,AUS,36,-27,133,2005,Australia,69.8,AVWAGE,TOT,USD,A,52013.94,,HRWKD,TOT,HR_WKD,A,1807.904,
Australia,AU,AUS,36,-27,133,2007,Australia,69.96,AVWAGE,TOT,USD,A,53805,,HRWKD,TOT,HR_WKD,A,1803.099,
Australia,AU,AUS,36,-27,133,2008,Australia,70.04,AVWAGE,TOT,USD,A,54149,,HRWKD,TOT,HR_WKD,A,1799.053,
Australia,AU,AUS,36,-27,133,2010,Australia,70.2,AVWAGE,TOT,USD,A,55536,,HRWKD,TOT,HR_WKD,A,1777.571,
Australia,AU,AUS,36,-27,133,2011,Australia,70.28,AVWAGE,TOT,USD,A,57361,,HRWKD,TOT,HR_WKD,A,1773.895,
Australia,AU,AUS,36,-27,133,2012,Australia,70.36,AVWAGE,TOT,USD,A,57752,,HRWKD,TOT,HR_WKD,A,1770.775,
Australia,AU,AUS,36,-27,133,2013,Australia,70.44,AVWAGE,TOT,USD,A,57579,,HRWKD,TOT,HR_WKD,A,1766,
Australia,AU,AUS,36,-27,133,2014,Australia,70.52,AVWAGE,TOT,USD,A,58102,,HRWKD,TOT,HR_WKD,A,1755.133,
Australia,AU,AUS,36,-27,133,2015,Australia,70.6,AVWAGE,TOT,USD,A,57744,,HRWKD,TOT,HR_WKD,A,1751.305,
Australia,AU,AUS,36,-27,133,2016,Australia,70.675,AVWAGE,TOT,USD,A,57885,,HRWKD,TOT,HR_WKD,A,1738.715,
Australia,AU,AUS,36,-27,133,2017,Australia,70.75,AVWAGE,TOT,USD,A,57619,,HRWKD,TOT,HR_WKD,A,1738.494,
Australia,AU,AUS,36,-27,133,2018,Australia,70.825,AVWAGE,TOT,USD,A,57843,,HRWKD,TOT,HR_WKD,A,1732.539,
Australia,AU,AUS,36,-27,133,2019,Australia,70.9,AVWAGE,TOT,USD,A,58620,,HRWKD,TOT,HR_WKD,A,1722.313,
Australia,AU,AUS,36,-27,133,2020,Australia,70.975,AVWAGE,TOT,USD,A,60377,,HRWKD,TOT,HR_WKD,A,1683.112,
Australia,AU,AUS,36,-27,133,2021,Australia,71.05,AVWAGE,TOT,USD,A,60681.5,,HRWKD,TOT,HR_WKD,A,1694.129,
Austria,AT,AUT,40,47.3333,13.3333,2006,Austria,69.5,AVWAGE,TOT,USD,A,60698,,HRWKD,TOT,HR_WKD,A,1617,
Austria,AT,AUT,40,47.3333,13.3333,2008,Austria,69.7,AVWAGE,TOT,USD,A,62081,,HRWKD,TOT,HR_WKD,A,1599,
Austria,AT,AUT,40,47.3333,13.3333,2010,Austria,69.9,AVWAGE,TOT,USD,A,62831,,HRWKD,TOT,HR_WKD,A,1552,
Austria,AT,AUT,40,47.3333,13.3333,2011,Austria,70,AVWAGE,TOT,USD,A,62159,,HRWKD,TOT,HR_WKD,A,1557,
Austria,AT,AUT,40,47.3333,13.3333,2012,Austria,70.1,AVWAGE,TOT,USD,A,62515,,HRWKD,TOT,HR_WKD,A,1535,
Austria,AT,AUT,40,47.3333,13.3333,2013,Austria,70.2,AVWAGE,TOT,USD,A,62568,,HRWKD,TOT,HR_WKD,A,1520,
Austria,AT,AUT,40,47.3333,13.3333,2014,Austria,70.3,AVWAGE,TOT,USD,A,62801,,HRWKD,TOT,HR_WKD,A,1510,
Austria,AT,AUT,40,47.3333,13.3333,2015,Austria,70.4,AVWAGE,TOT,USD,A,63231,,HRWKD,TOT,HR_WKD,A,1495,
Austria,AT,AUT,40,47.3333,13.3333,2016,Austria,70.525,AVWAGE,TOT,USD,A,63860,,HRWKD,TOT,HR_WKD,A,1507,
Austria,AT,AUT,40,47.3333,13.3333,2017,Austria,70.65,AVWAGE,TOT,USD,A,63856,,HRWKD,TOT,HR_WKD,A,1498,
Austria,AT,AUT,40,47.3333,13.3333,2018,Austria,70.775,AVWAGE,TOT,USD,A,64101,,HRWKD,TOT,HR_WKD,A,1502,
Austria,AT,AUT,40,47.3333,13.3333,2019,Austria,70.9,AVWAGE,TOT,USD,A,64623,,HRWKD,TOT,HR_WKD,A,1508.643,
Austria,AT,AUT,40,47.3333,13.3333,2020,Austria,71.025,AVWAGE,TOT,USD,A,64648,,HRWKD,TOT,HR_WKD,A,1400.694,
Austria,AT,AUT,40,47.3333,13.3333,2021,Austria,71.15,AVWAGE,TOT,USD,A,65402.32,,HRWKD,TOT,HR_WKD,A,1442.454,
Belgium,BE,BEL,56,50.8333,4,2005,Belgium,68.4,AVWAGE,TOT,USD,A,62139.95,,HRWKD,TOT,HR_WKD,A,1578,
Belgium,BE,BEL,56,50.8333,4,2007,Belgium,68.72,AVWAGE,TOT,USD,A,62446,,HRWKD,TOT,HR_WKD,A,1594,
Belgium,BE,BEL,56,50.8333,4,2008,Belgium,68.88,AVWAGE,TOT,USD,A,62715,,HRWKD,TOT,HR_WKD,A,1582,
Belgium,BE,BEL,56,50.8333,4,2010,Belgium,69.2,AVWAGE,TOT,USD,A,63295,,HRWKD,TOT,HR_WKD,A,1574,
Belgium,BE,BEL,56,50.8333,4,2011,Belgium,69.36,AVWAGE,TOT,USD,A,63944,,HRWKD,TOT,HR_WKD,A,1590,
Belgium,BE,BEL,56,50.8333,4,2012,Belgium,69.52,AVWAGE,TOT,USD,A,64461,,HRWKD,TOT,HR_WKD,A,1587,
Belgium,BE,BEL,56,50.8333,4,2013,Belgium,69.68,AVWAGE,TOT,USD,A,65099,,HRWKD,TOT,HR_WKD,A,1586,
Belgium,BE,BEL,56,50.8333,4,2014,Belgium,69.84,AVWAGE,TOT,USD,A,65461,,HRWKD,TOT,HR_WKD,A,1582,
Belgium,BE,BEL,56,50.8333,4,2015,Belgium,70,AVWAGE,TOT,USD,A,65017,,HRWKD,TOT,HR_WKD,A,1575,
Belgium,BE,BEL,56,50.8333,4,2016,Belgium,70.15,AVWAGE,TOT,USD,A,65157,,HRWKD,TOT,HR_WKD,A,1574,
Belgium,BE,BEL,56,50.8333,4,2017,Belgium,70.3,AVWAGE,TOT,USD,A,64700,,HRWKD,TOT,HR_WKD,A,1578.014,
Belgium,BE,BEL,56,50.8333,4,2018,Belgium,70.45,AVWAGE,TOT,USD,A,65083,,HRWKD,TOT,HR_WKD,A,1580,
Belgium,BE,BEL,56,50.8333,4,2019,Belgium,70.6,AVWAGE,TOT,USD,A,65700,,HRWKD,TOT,HR_WKD,A,1577,
Belgium,BE,BEL,56,50.8333,4,2020,Belgium,70.75,AVWAGE,TOT,USD,A,63677,,HRWKD,TOT,HR_WKD,A,1443,
Belgium,BE,BEL,56,50.8333,4,2021,Belgium,70.9,AVWAGE,TOT,USD,A,65520.82,,HRWKD,TOT,HR_WKD,A,1493.126,
Canada,CA,CAN,124,60,-95,2005,Canada,70.5,AVWAGE,TOT,USD,A,48325.74,,HRWKD,TOT,HR_WKD,A,1745,
Canada,CA,CAN,124,60,-95,2007,Canada,70.62,AVWAGE,TOT,USD,A,51127,,HRWKD,TOT,HR_WKD,A,1744,
Canada,CA,CAN,124,60,-95,2008,Canada,70.68,AVWAGE,TOT,USD,A,52025,,HRWKD,TOT,HR_WKD,A,1741,
Canada,CA,CAN,124,60,-95,2009,Canada,70.74,AVWAGE,TOT,USD,A,52363,,HRWKD,TOT,HR_WKD,A,1712,
Canada,CA,CAN,124,60,-95,2010,Canada,70.8,AVWAGE,TOT,USD,A,52457,,HRWKD,TOT,HR_WKD,A,1715,
Canada,CA,CAN,124,60,-95,2011,Canada,70.86,AVWAGE,TOT,USD,A,53088,,HRWKD,TOT,HR_WKD,A,1713,
Canada,CA,CAN,124,60,-95,2012,Canada,70.92,AVWAGE,TOT,USD,A,53717,,HRWKD,TOT,HR_WKD,A,1722,
Canada,CA,CAN,124,60,-95,2013,Canada,70.98,AVWAGE,TOT,USD,A,54286,,HRWKD,TOT,HR_WKD,A,1716,
Canada,CA,CAN,124,60,-95,2014,Canada,71.04,AVWAGE,TOT,USD,A,54995,,HRWKD,TOT,HR_WKD,A,1710,
Canada,CA,CAN,124,60,-95,2015,Canada,71.1,AVWAGE,TOT,USD,A,55400,,HRWKD,TOT,HR_WKD,A,1712,
Canada,CA,CAN,124,60,-95,2016,Canada,71.15,AVWAGE,TOT,USD,A,54350,,HRWKD,TOT,HR_WKD,A,1706,
Canada,CA,CAN,124,60,-95,2017,Canada,71.2,AVWAGE,TOT,USD,A,55122,,HRWKD,TOT,HR_WKD,A,1695,
Canada,CA,CAN,124,60,-95,2018,Canada,71.25,AVWAGE,TOT,USD,A,56083,,HRWKD,TOT,HR_WKD,A,1708,
Canada,CA,CAN,124,60,-95,2019,Canada,71.3,AVWAGE,TOT,USD,A,56370,,HRWKD,TOT,HR_WKD,A,1690,
Canada,CA,CAN,124,60,-95,2020,Canada,71.35,AVWAGE,TOT,USD,A,59160,,HRWKD,TOT,HR_WKD,A,1644,
Canada,CA,CAN,124,60,-95,2021,Canada,71.4,AVWAGE,TOT,USD,A,59568.78,,HRWKD,TOT,HR_WKD,A,1685,
Chile,CL,CHL,152,-30,-71,2006,Chile,67.78,AVWAGE,TOT,USD,A,21588.58,,HRWKD,TOT,HR_WKD,A,2165,
Chile,CL,CHL,152,-30,-71,2007,Chile,67.96,AVWAGE,TOT,USD,A,22100.34,,HRWKD,TOT,HR_WKD,A,2128,
Chile,CL,CHL,152,-30,-71,2008,Chile,68.14,AVWAGE,TOT,USD,A,22504.53,,HRWKD,TOT,HR_WKD,A,2095,
Chile,CL,CHL,152,-30,-71,2009,Chile,68.32,AVWAGE,TOT,USD,A,24588.31,,HRWKD,TOT,HR_WKD,A,2074,
Chile,CL,CHL,152,-30,-71,2010,Chile,68.5,AVWAGE,TOT,USD,A,27871,,HRWKD,TOT,HR_WKD,A,2069.8,
Chile,CL,CHL,152,-30,-71,2011,Chile,68.68,AVWAGE,TOT,USD,A,28639,,HRWKD,TOT,HR_WKD,A,2050.2,
Chile,CL,CHL,152,-30,-71,2012,Chile,68.86,AVWAGE,TOT,USD,A,29661,,HRWKD,TOT,HR_WKD,A,2027.4,
Chile,CL,CHL,152,-30,-71,2013,Chile,69.04,AVWAGE,TOT,USD,A,30530,,HRWKD,TOT,HR_WKD,A,2021.3,
Chile,CL,CHL,152,-30,-71,2014,Chile,69.22,AVWAGE,TOT,USD,A,30657,,HRWKD,TOT,HR_WKD,A,1994.4,
Chile,CL,CHL,152,-30,-71,2015,Chile,69.4,AVWAGE,TOT,USD,A,30614.54,,HRWKD,TOT,HR_WKD,A,1993.7,
Chile,CL,CHL,152,-30,-71,2016,Chile,69.55,AVWAGE,TOT,USD,A,31834,,HRWKD,TOT,HR_WKD,A,1977.5,
Chile,CL,CHL,152,-30,-71,2017,Chile,69.7,AVWAGE,TOT,USD,A,30847,,HRWKD,TOT,HR_WKD,A,1963.1,
Chile,CL,CHL,152,-30,-71,2018,Chile,69.85,AVWAGE,TOT,USD,A,32348,,HRWKD,TOT,HR_WKD,A,1955.5,
Chile,CL,CHL,152,-30,-71,2019,Chile,70,AVWAGE,TOT,USD,A,33190.5,,HRWKD,TOT,HR_WKD,A,1929.5,
Chile,CL,CHL,152,-30,-71,2020,Chile,70.15,AVWAGE,TOT,USD,A,31369,,HRWKD,TOT,HR_WKD,A,1825.3,
Chile,CL,CHL,152,-30,-71,2021,Chile,70.3,AVWAGE,TOT,USD,A,33042.33,,HRWKD,TOT,HR_WKD,A,1915.6,
Colombia,CO,COL,170,4,-72,2015,Colombia,68.3,AVWAGE,TOT,USD,A,17879.31,,HRWKD,TOT,HR_WKD,A,2325.319,
Colombia,CO,COL,170,4,-72,2016,Colombia,68.475,AVWAGE,TOT,USD,A,18653.26,,HRWKD,TOT,HR_WKD,A,2315.43,
Colombia,CO,COL,170,4,-72,2017,Colombia,68.65,AVWAGE,TOT,USD,A,19424.86,,HRWKD,TOT,HR_WKD,A,2284.5,
Colombia,CO,COL,170,4,-72,2018,Colombia,68.825,AVWAGE,TOT,USD,A,20370.7,,HRWKD,TOT,HR_WKD,A,2283.326,
Colombia,CO,COL,170,4,-72,2019,Colombia,69,AVWAGE,TOT,USD,A,20706.68,,HRWKD,TOT,HR_WKD,A,2272.193,
Colombia,CO,COL,170,4,-72,2020,Colombia,69.175,AVWAGE,TOT,USD,A,23617.24,,HRWKD,TOT,HR_WKD,A,1963.971,
Costa Rica,CR,CRI,188,10,-84,2006,Costa Rica,68.56,AVWAGE,TOT,USD,A,11520.52,,HRWKD,TOT,HR_WKD,A,2360,
Costa Rica,CR,CRI,188,10,-84,2007,Costa Rica,68.72,AVWAGE,TOT,USD,A,12378.14,,HRWKD,TOT,HR_WKD,A,2387,
Costa Rica,CR,CRI,188,10,-84,2008,Costa Rica,68.88,AVWAGE,TOT,USD,A,14052.17,,HRWKD,TOT,HR_WKD,A,2392,
Costa Rica,CR,CRI,188,10,-84,2009,Costa Rica,69.04,AVWAGE,TOT,USD,A,16404.81,,HRWKD,TOT,HR_WKD,A,2348,
Costa Rica,CR,CRI,188,10,-84,2010,Costa Rica,69.2,AVWAGE,TOT,USD,A,17665.79,,HRWKD,TOT,HR_WKD,A,2243.1,
Costa Rica,CR,CRI,188,10,-84,2011,Costa Rica,69.36,AVWAGE,TOT,USD,A,18955.02,,HRWKD,TOT,HR_WKD,A,2285.3,
Costa Rica,CR,CRI,188,10,-84,2012,Costa Rica,69.52,AVWAGE,TOT,USD,A,19540.81,,HRWKD,TOT,HR_WKD,A,2233.4,
Costa Rica,CR,CRI,188,10,-84,2013,Costa Rica,69.68,AVWAGE,TOT,USD,A,21696.29,,HRWKD,TOT,HR_WKD,A,2140.6,
Costa Rica,CR,CRI,188,10,-84,2014,Costa Rica,69.84,AVWAGE,TOT,USD,A,22743.08,,HRWKD,TOT,HR_WKD,A,2121.7,
Costa Rica,CR,CRI,188,10,-84,2015,Costa Rica,70,AVWAGE,TOT,USD,A,24448.59,,HRWKD,TOT,HR_WKD,A,2148.2,
Costa Rica,CR,CRI,188,10,-84,2016,Costa Rica,70,AVWAGE,TOT,USD,A,25689.46,,HRWKD,TOT,HR_WKD,A,2204.7,
Costa Rica,CR,CRI,188,10,-84,2017,Costa Rica,70,AVWAGE,TOT,USD,A,25839.5,,HRWKD,TOT,HR_WKD,A,2178.9,
Costa Rica,CR,CRI,188,10,-84,2018,Costa Rica,70,AVWAGE,TOT,USD,A,26764.21,,HRWKD,TOT,HR_WKD,A,2121,
Costa Rica,CR,CRI,188,10,-84,2019,Costa Rica,70,AVWAGE,TOT,USD,A,27875.2,,HRWKD,TOT,HR_WKD,A,2059.6,
Costa Rica,CR,CRI,188,10,-84,2020,Costa Rica,70,AVWAGE,TOT,USD,A,30658.3,,HRWKD,TOT,HR_WKD,A,1913.2,
Costa Rica,CR,CRI,188,10,-84,2021,Costa Rica,70,AVWAGE,TOT,USD,A,30499.41,,HRWKD,TOT,HR_WKD,A,2073.3,
Czech Republic,CZ,CZE,203,49.75,15.5,2005,Czechia,67.1,AVWAGE,TOT,USD,A,25914.07,,HRWKD,TOT,HR_WKD,A,1802.926,
Czech Republic,CZ,CZE,203,49.75,15.5,2007,Czechia,67.34,AVWAGE,TOT,USD,A,27757,,HRWKD,TOT,HR_WKD,A,1775.017,
Czech Republic,CZ,CZE,203,49.75,15.5,2010,Czechia,67.7,AVWAGE,TOT,USD,A,28648,,HRWKD,TOT,HR_WKD,A,1799.1,
Czech Republic,CZ,CZE,203,49.75,15.5,2011,Czechia,67.82,AVWAGE,TOT,USD,A,28881.64,,HRWKD,TOT,HR_WKD,A,1805.473,
Czech Republic,CZ,CZE,203,49.75,15.5,2012,Czechia,67.94,AVWAGE,TOT,USD,A,28934.46,,HRWKD,TOT,HR_WKD,A,1776.448,
Czech Republic,CZ,CZE,203,49.75,15.5,2013,Czechia,68.06,AVWAGE,TOT,USD,A,28754,,HRWKD,TOT,HR_WKD,A,1764.302,
Czech Republic,CZ,CZE,203,49.75,15.5,2014,Czechia,68.18,AVWAGE,TOT,USD,A,29360.49,,HRWKD,TOT,HR_WKD,A,1773.812,
Czech Republic,CZ,CZE,203,49.75,15.5,2015,Czechia,68.3,AVWAGE,TOT,USD,A,30224,,HRWKD,TOT,HR_WKD,A,1751.474,
Czech Republic,CZ,CZE,203,49.75,15.5,2016,Czechia,68.425,AVWAGE,TOT,USD,A,31291.43,,HRWKD,TOT,HR_WKD,A,1774.046,
Czech Republic,CZ,CZE,203,49.75,15.5,2017,Czechia,68.55,AVWAGE,TOT,USD,A,32890.57,,HRWKD,TOT,HR_WKD,A,1776.448,
Czech Republic,CZ,CZE,203,49.75,15.5,2018,Czechia,68.675,AVWAGE,TOT,USD,A,34632.6,,HRWKD,TOT,HR_WKD,A,1784.666,
Czech Republic,CZ,CZE,203,49.75,15.5,2020,Czechia,68.925,AVWAGE,TOT,USD,A,35552,,HRWKD,TOT,HR_WKD,A,1703.597,
Czechia,CZ,CZE,203,49.75,15.5,2021,Czechia,69.05,AVWAGE,TOT,USD,A,36269.71,,HRWKD,TOT,HR_WKD,A,1752.821,
Denmark,DK,DNK,208,56,10,2005,Denmark,68.3,AVWAGE,TOT,USD,A,57030.24,,HRWKD,TOT,HR_WKD,A,1451.362,
Denmark,DK,DNK,208,56,10,2007,Denmark,68.74,AVWAGE,TOT,USD,A,58638,,HRWKD,TOT,HR_WKD,A,1432.77,
Denmark,DK,DNK,208,56,10,2008,Denmark,68.96,AVWAGE,TOT,USD,A,59414,,HRWKD,TOT,HR_WKD,A,1430.055,
Denmark,DK,DNK,208,56,10,2009,Denmark,69.18,AVWAGE,TOT,USD,A,60853,,HRWKD,TOT,HR_WKD,A,1417.03,
Denmark,DK,DNK,208,56,10,2010,Denmark,69.4,AVWAGE,TOT,USD,A,61537,,HRWKD,TOT,HR_WKD,A,1422.308,
Denmark,DK,DNK,208,56,10,2011,Denmark,69.62,AVWAGE,TOT,USD,A,61213,,HRWKD,TOT,HR_WKD,A,1436.981,
Denmark,DK,DNK,208,56,10,2012,Denmark,69.84,AVWAGE,TOT,USD,A,61121,,HRWKD,TOT,HR_WKD,A,1423.346,
Denmark,DK,DNK,208,56,10,2013,Denmark,70.06,AVWAGE,TOT,USD,A,61548,,HRWKD,TOT,HR_WKD,A,1425.634,
Denmark,DK,DNK,208,56,10,2014,Denmark,70.28,AVWAGE,TOT,USD,A,62723,,HRWKD,TOT,HR_WKD,A,1413.807,
Denmark,DK,DNK,208,56,10,2015,Denmark,70.5,AVWAGE,TOT,USD,A,63828,,HRWKD,TOT,HR_WKD,A,1407.149,
Denmark,DK,DNK,208,56,10,2016,Denmark,70.625,AVWAGE,TOT,USD,A,63894,,HRWKD,TOT,HR_WKD,A,1412.045,
Denmark,DK,DNK,208,56,10,2017,Denmark,70.75,AVWAGE,TOT,USD,A,64281,,HRWKD,TOT,HR_WKD,A,1404.204,
Denmark,DK,DNK,208,56,10,2018,Denmark,70.875,AVWAGE,TOT,USD,A,64765,,HRWKD,TOT,HR_WKD,A,1381.289,
Denmark,DK,DNK,208,56,10,2019,Denmark,71,AVWAGE,TOT,USD,A,65222,,HRWKD,TOT,HR_WKD,A,1371.499,
Denmark,DK,DNK,208,56,10,2020,Denmark,71.125,AVWAGE,TOT,USD,A,66203,,HRWKD,TOT,HR_WKD,A,1342.327,
Denmark,DK,DNK,208,56,10,2021,Denmark,71.25,AVWAGE,TOT,USD,A,66503.05,,HRWKD,TOT,HR_WKD,A,1363.431,
Estonia,EE,EST,233,59,26,2006,Estonia,65.78,AVWAGE,TOT,USD,A,21504,,HRWKD,TOT,HR_WKD,A,1906,
Estonia,EE,EST,233,59,26,2007,Estonia,66.06,AVWAGE,TOT,USD,A,25012,,HRWKD,TOT,HR_WKD,A,1903,
Estonia,EE,EST,233,59,26,2008,Estonia,66.34,AVWAGE,TOT,USD,A,25382.4,,HRWKD,TOT,HR_WKD,A,1874,
Estonia,EE,EST,233,59,26,2009,Estonia,66.62,AVWAGE,TOT,USD,A,24704.34,,HRWKD,TOT,HR_WKD,A,1745,
Estonia,EE,EST,233,59,26,2011,Estonia,67.18,AVWAGE,TOT,USD,A,23907.26,,HRWKD,TOT,HR_WKD,A,1827,
Estonia,EE,EST,233,59,26,2012,Estonia,67.46,AVWAGE,TOT,USD,A,24256,,HRWKD,TOT,HR_WKD,A,1796,
Estonia,EE,EST,233,59,26,2013,Estonia,67.74,AVWAGE,TOT,USD,A,24858.68,,HRWKD,TOT,HR_WKD,A,1777,
Estonia,EE,EST,233,59,26,2014,Estonia,68.02,AVWAGE,TOT,USD,A,26232.47,,HRWKD,TOT,HR_WKD,A,1771,
Estonia,EE,EST,233,59,26,2015,Estonia,68.3,AVWAGE,TOT,USD,A,27434,,HRWKD,TOT,HR_WKD,A,1763,
Estonia,EE,EST,233,59,26,2016,Estonia,68.525,AVWAGE,TOT,USD,A,28837,,HRWKD,TOT,HR_WKD,A,1767,
Estonia,EE,EST,233,59,26,2017,Estonia,68.75,AVWAGE,TOT,USD,A,29499.52,,HRWKD,TOT,HR_WKD,A,1768,
Estonia,EE,EST,233,59,26,2018,Estonia,68.975,AVWAGE,TOT,USD,A,31391,,HRWKD,TOT,HR_WKD,A,1707.193,
Estonia,EE,EST,233,59,26,2019,Estonia,69.2,AVWAGE,TOT,USD,A,33006,,HRWKD,TOT,HR_WKD,A,1694.396,
Estonia,EE,EST,233,59,26,2020,Estonia,69.425,AVWAGE,TOT,USD,A,35128,,HRWKD,TOT,HR_WKD,A,1637.156,
Estonia,EE,EST,233,59,26,2021,Estonia,69.65,AVWAGE,TOT,USD,A,37317.82,,HRWKD,TOT,HR_WKD,A,1767.056,
Finland,FI,FIN,246,64,26,2006,Finland,68.72,AVWAGE,TOT,USD,A,47757,,HRWKD,TOT,HR_WKD,A,1608,
Finland,FI,FIN,246,64,26,2008,Finland,69.16,AVWAGE,TOT,USD,A,48809,,HRWKD,TOT,HR_WKD,A,1601,
Finland,FI,FIN,246,64,26,2010,Finland,69.6,AVWAGE,TOT,USD,A,49911,,HRWKD,TOT,HR_WKD,A,1585,
Finland,FI,FIN,246,64,26,2011,Finland,69.82,AVWAGE,TOT,USD,A,49925,,HRWKD,TOT,HR_WKD,A,1578,
Finland,FI,FIN,246,64,26,2012,Finland,70.04,AVWAGE,TOT,USD,A,49965,,HRWKD,TOT,HR_WKD,A,1568,
Finland,FI,FIN,246,64,26,2013,Finland,70.26,AVWAGE,TOT,USD,A,49465,,HRWKD,TOT,HR_WKD,A,1560,
Finland,FI,FIN,246,64,26,2014,Finland,70.48,AVWAGE,TOT,USD,A,49449,,HRWKD,TOT,HR_WKD,A,1558,
Finland,FI,FIN,246,64,26,2015,Finland,70.7,AVWAGE,TOT,USD,A,49836,,HRWKD,TOT,HR_WKD,A,1555,
Finland,FI,FIN,246,64,26,2016,Finland,70.775,AVWAGE,TOT,USD,A,50274,,HRWKD,TOT,HR_WKD,A,1555,
Finland,FI,FIN,246,64,26,2017,Finland,70.85,AVWAGE,TOT,USD,A,49985,,HRWKD,TOT,HR_WKD,A,1548.88,
Finland,FI,FIN,246,64,26,2018,Finland,70.925,AVWAGE,TOT,USD,A,50354,,HRWKD,TOT,HR_WKD,A,1546.373,
Finland,FI,FIN,246,64,26,2019,Finland,71,AVWAGE,TOT,USD,A,50873,,HRWKD,TOT,HR_WKD,A,1538.371,
Finland,FI,FIN,246,64,26,2020,Finland,71.075,AVWAGE,TOT,USD,A,51092,,HRWKD,TOT,HR_WKD,A,1528.79,
Finland,FI,FIN,246,64,26,2021,Finland,71.15,AVWAGE,TOT,USD,A,52785.32,,HRWKD,TOT,HR_WKD,A,1518.267,
France,FR,FRA,250,46,2,2005,France,70.7,AVWAGE,TOT,USD,A,46823.79,,HRWKD,TOT,HR_WKD,A,1532,
France,FR,FRA,250,46,2,2006,France,70.8,AVWAGE,TOT,USD,A,47347,,HRWKD,TOT,HR_WKD,A,1515.011,
France,FR,FRA,250,46,2,2008,France,71,AVWAGE,TOT,USD,A,47429,,HRWKD,TOT,HR_WKD,A,1543,
France,FR,FRA,250,46,2,2009,France,71.1,AVWAGE,TOT,USD,A,48938,,HRWKD,TOT,HR_WKD,A,1531,
France,FR,FRA,250,46,2,2010,France,71.2,AVWAGE,TOT,USD,A,49926,,HRWKD,TOT,HR_WKD,A,1540,
France,FR,FRA,250,46,2,2011,France,71.3,AVWAGE,TOT,USD,A,49836,,HRWKD,TOT,HR_WKD,A,1546,
France,FR,FRA,250,46,2,2012,France,71.4,AVWAGE,TOT,USD,A,50159,,HRWKD,TOT,HR_WKD,A,1541,
France,FR,FRA,250,46,2,2013,France,71.5,AVWAGE,TOT,USD,A,50581,,HRWKD,TOT,HR_WKD,A,1526,
France,FR,FRA,250,46,2,2014,France,71.6,AVWAGE,TOT,USD,A,50929,,HRWKD,TOT,HR_WKD,A,1518,
France,FR,FRA,250,46,2,2015,France,71.7,AVWAGE,TOT,USD,A,51415,,HRWKD,TOT,HR_WKD,A,1519.484,
France,FR,FRA,250,46,2,2016,France,71.8,AVWAGE,TOT,USD,A,52010,,HRWKD,TOT,HR_WKD,A,1522.069,
France,FR,FRA,250,46,2,2017,France,71.9,AVWAGE,TOT,USD,A,52732,,HRWKD,TOT,HR_WKD,A,1507.605,
France,FR,FRA,250,46,2,2018,France,72,AVWAGE,TOT,USD,A,52664,,HRWKD,TOT,HR_WKD,A,1514.41,
France,FR,FRA,250,46,2,2019,France,72.1,AVWAGE,TOT,USD,A,53172,,HRWKD,TOT,HR_WKD,A,1518.157,
France,FR,FRA,250,46,2,2020,France,72.2,AVWAGE,TOT,USD,A,50550,,HRWKD,TOT,HR_WKD,A,1407.258,
France,FR,FRA,250,46,2,2021,France,72.3,AVWAGE,TOT,USD,A,52542.19,,HRWKD,TOT,HR_WKD,A,1490.332,
Germany,DE,DEU,276,51,9,2005,Germany,69.9,AVWAGE,TOT,USD,A,52377.65,,HRWKD,TOT,HR_WKD,A,1432.4,
Germany,DE,DEU,276,51,9,2007,Germany,69.94,AVWAGE,TOT,USD,A,52208,,HRWKD,TOT,HR_WKD,A,1454.099,
Germany,DE,DEU,276,51,9,2008,Germany,69.96,AVWAGE,TOT,USD,A,52442,,HRWKD,TOT,HR_WKD,A,1447.3,
Germany,DE,DEU,276,51,9,2009,Germany,69.98,AVWAGE,TOT,USD,A,52453,,HRWKD,TOT,HR_WKD,A,1405,
Germany,DE,DEU,276,51,9,2010,Germany,70,AVWAGE,TOT,USD,A,52912,,HRWKD,TOT,HR_WKD,A,1425.7,
Germany,DE,DEU,276,51,9,2011,Germany,70.02,AVWAGE,TOT,USD,A,53980,,HRWKD,TOT,HR_WKD,A,1426.901,
Germany,DE,DEU,276,51,9,2012,Germany,70.04,AVWAGE,TOT,USD,A,54699,,HRWKD,TOT,HR_WKD,A,1407.988,
Germany,DE,DEU,276,51,9,2013,Germany,70.06,AVWAGE,TOT,USD,A,55215,,HRWKD,TOT,HR_WKD,A,1396.5,
Germany,DE,DEU,276,51,9,2014,Germany,70.08,AVWAGE,TOT,USD,A,56141,,HRWKD,TOT,HR_WKD,A,1400.413,
Germany,DE,DEU,276,51,9,2015,Germany,70.1,AVWAGE,TOT,USD,A,57431,,HRWKD,TOT,HR_WKD,A,1401,
Germany,DE,DEU,276,51,9,2016,Germany,70.3,AVWAGE,TOT,USD,A,58311,,HRWKD,TOT,HR_WKD,A,1395.597,
Germany,DE,DEU,276,51,9,2017,Germany,70.5,AVWAGE,TOT,USD,A,58924,,HRWKD,TOT,HR_WKD,A,1389.1,
Germany,DE,DEU,276,51,9,2018,Germany,70.7,AVWAGE,TOT,USD,A,59750,,HRWKD,TOT,HR_WKD,A,1384.7,
Germany,DE,DEU,276,51,9,2019,Germany,70.9,AVWAGE,TOT,USD,A,60732,,HRWKD,TOT,HR_WKD,A,1381.5,
Germany,DE,DEU,276,51,9,2020,Germany,71.1,AVWAGE,TOT,USD,A,60309,,HRWKD,TOT,HR_WKD,A,1324.2,
Germany,DE,DEU,276,51,9,2021,Germany,71.3,AVWAGE,TOT,USD,A,60291.24,,HRWKD,TOT,HR_WKD,A,1349.3,
Greece,GR,GRC,300,39,22,2005,Greece,69.6,AVWAGE,TOT,USD,A,35603.32,,HRWKD,TOT,HR_WKD,A,2025.024,
Greece,GR,GRC,300,39,22,2007,Greece,69.76,AVWAGE,TOT,USD,A,36033.46,,HRWKD,TOT,HR_WKD,A,2001.089,
Greece,GR,GRC,300,39,22,2009,Greece,69.92,AVWAGE,TOT,USD,A,37151,,HRWKD,TOT,HR_WKD,A,1972.86,
Greece,GR,GRC,300,39,22,2010,Greece,70,AVWAGE,TOT,USD,A,35454,,HRWKD,TOT,HR_WKD,A,1931.08,
Greece,GR,GRC,300,39,22,2011,Greece,70.08,AVWAGE,TOT,USD,A,33205,,HRWKD,TOT,HR_WKD,A,1950.221,
Greece,GR,GRC,300,39,22,2012,Greece,70.16,AVWAGE,TOT,USD,A,31272.46,,HRWKD,TOT,HR_WKD,A,1989.931,
Greece,GR,GRC,300,39,22,2013,Greece,70.24,AVWAGE,TOT,USD,A,29229,,HRWKD,TOT,HR_WKD,A,1996.606,
Greece,GR,GRC,300,39,22,2014,Greece,70.32,AVWAGE,TOT,USD,A,29108.47,,HRWKD,TOT,HR_WKD,A,1949.334,
Greece,GR,GRC,300,39,22,2015,Greece,70.4,AVWAGE,TOT,USD,A,29394.43,,HRWKD,TOT,HR_WKD,A,1934.987,
Greece,GR,GRC,300,39,22,2016,Greece,70.525,AVWAGE,TOT,USD,A,28720,,HRWKD,TOT,HR_WKD,A,1942.727,
Greece,GR,GRC,300,39,22,2017,Greece,70.65,AVWAGE,TOT,USD,A,28903,,HRWKD,TOT,HR_WKD,A,1946.941,
Greece,GR,GRC,300,39,22,2018,Greece,70.775,AVWAGE,TOT,USD,A,27569,,HRWKD,TOT,HR_WKD,A,1961.081,
Greece,GR,GRC,300,39,22,2019,Greece,70.9,AVWAGE,TOT,USD,A,27615.33,,HRWKD,TOT,HR_WKD,A,1916.66,
Greece,GR,GRC,300,39,22,2020,Greece,71.025,AVWAGE,TOT,USD,A,27747,,HRWKD,TOT,HR_WKD,A,1730.738,
Greece,GR,GRC,300,39,22,2021,Greece,71.15,AVWAGE,TOT,USD,A,27659.57,,HRWKD,TOT,HR_WKD,A,1872.237,
Hungary,HU,HUN,348,47,20,2005,Hungary,65,AVWAGE,TOT,USD,A,24491.94,,HRWKD,TOT,HR_WKD,A,1834.1,
Hungary,HU,HUN,348,47,20,2007,Hungary,65.32,AVWAGE,TOT,USD,A,24783,,HRWKD,TOT,HR_WKD,A,1787.8,
Hungary,HU,HUN,348,47,20,2009,Hungary,65.64,AVWAGE,TOT,USD,A,23692,,HRWKD,TOT,HR_WKD,A,1758.2,
Hungary,HU,HUN,348,47,20,2010,Hungary,65.8,AVWAGE,TOT,USD,A,24005,,HRWKD,TOT,HR_WKD,A,1766.4,
Hungary,HU,HUN,348,47,20,2011,Hungary,65.96,AVWAGE,TOT,USD,A,24316,,HRWKD,TOT,HR_WKD,A,1753.7,
Hungary,HU,HUN,348,47,20,2012,Hungary,66.12,AVWAGE,TOT,USD,A,23506,,HRWKD,TOT,HR_WKD,A,1738.3,
Hungary,HU,HUN,348,47,20,2013,Hungary,66.28,AVWAGE,TOT,USD,A,23266.38,,HRWKD,TOT,HR_WKD,A,1733.6,
Hungary,HU,HUN,348,47,20,2014,Hungary,66.44,AVWAGE,TOT,USD,A,22961.47,,HRWKD,TOT,HR_WKD,A,1748.6,
Hungary,HU,HUN,348,47,20,2015,Hungary,66.6,AVWAGE,TOT,USD,A,23139.58,,HRWKD,TOT,HR_WKD,A,1745.9,
Hungary,HU,HUN,348,47,20,2016,Hungary,66.75,AVWAGE,TOT,USD,A,23349.37,,HRWKD,TOT,HR_WKD,A,1760.2,
Hungary,HU,HUN,348,47,20,2017,Hungary,66.9,AVWAGE,TOT,USD,A,25038,,HRWKD,TOT,HR_WKD,A,1747.4,
Hungary,HU,HUN,348,47,20,2018,Hungary,67.05,AVWAGE,TOT,USD,A,26264.72,,HRWKD,TOT,HR_WKD,A,1729.9,
Hungary,HU,HUN,348,47,20,2019,Hungary,67.2,AVWAGE,TOT,USD,A,27140.4,,HRWKD,TOT,HR_WKD,A,1722.2,
Hungary,HU,HUN,348,47,20,2020,Hungary,67.35,AVWAGE,TOT,USD,A,27588,,HRWKD,TOT,HR_WKD,A,1657.1,
Hungary,HU,HUN,348,47,20,2021,Hungary,67.5,AVWAGE,TOT,USD,A,28462.42,,HRWKD,TOT,HR_WKD,A,1697.1,
Iceland,IS,ISL,352,65,-18,2008,Iceland,71.2,AVWAGE,TOT,USD,A,62292,,HRWKD,TOT,HR_WKD,A,1625.204,
Iceland,IS,ISL,352,65,-18,2012,Iceland,71.6,AVWAGE,TOT,USD,A,56277,,HRWKD,TOT,HR_WKD,A,1523.065,
Iceland,IS,ISL,352,65,-18,2013,Iceland,71.7,AVWAGE,TOT,USD,A,57135,,HRWKD,TOT,HR_WKD,A,1524.133,
Iceland,IS,ISL,352,65,-18,2015,Iceland,71.9,AVWAGE,TOT,USD,A,61777,,HRWKD,TOT,HR_WKD,A,1511.402,
Iceland,IS,ISL,352,65,-18,2016,Iceland,71.925,AVWAGE,TOT,USD,A,68732,,HRWKD,TOT,HR_WKD,A,1519.995,
Iceland,IS,ISL,352,65,-18,2017,Iceland,71.95,AVWAGE,TOT,USD,A,75287,,HRWKD,TOT,HR_WKD,A,1507.077,
Iceland,IS,ISL,352,65,-18,2019,Iceland,72,AVWAGE,TOT,USD,A,76444,,HRWKD,TOT,HR_WKD,A,1480.148,
Iceland,IS,ISL,352,65,-18,2020,Iceland,72.025,AVWAGE,TOT,USD,A,71687,,HRWKD,TOT,HR_WKD,A,1446.24,
Iceland,IS,ISL,352,65,-18,2021,Iceland,72.05,AVWAGE,TOT,USD,A,74654.52,,HRWKD,TOT,HR_WKD,A,1433.41,
Ireland,IE,IRL,372,53,-8,2006,Ireland,69.62,AVWAGE,TOT,USD,A,44703,,HRWKD,TOT,HR_WKD,A,1879,
Ireland,IE,IRL,372,53,-8,2008,Ireland,69.86,AVWAGE,TOT,USD,A,48089.5,,HRWKD,TOT,HR_WKD,A,1844,
Ireland,IE,IRL,372,53,-8,2009,Ireland,69.98,AVWAGE,TOT,USD,A,52639,,HRWKD,TOT,HR_WKD,A,1812,
Ireland,IE,IRL,372,53,-8,2010,Ireland,70.1,AVWAGE,TOT,USD,A,52793,,HRWKD,TOT,HR_WKD,A,1721,
Ireland,IE,IRL,372,53,-8,2011,Ireland,70.22,AVWAGE,TOT,USD,A,52035,,HRWKD,TOT,HR_WKD,A,1737,
Ireland,IE,IRL,372,53,-8,2012,Ireland,70.34,AVWAGE,TOT,USD,A,51578,,HRWKD,TOT,HR_WKD,A,1738,
Ireland,IE,IRL,372,53,-8,2013,Ireland,70.46,AVWAGE,TOT,USD,A,50323,,HRWKD,TOT,HR_WKD,A,1743,
Ireland,IE,IRL,372,53,-8,2014,Ireland,70.58,AVWAGE,TOT,USD,A,50080,,HRWKD,TOT,HR_WKD,A,1757,
Ireland,IE,IRL,372,53,-8,2015,Ireland,70.7,AVWAGE,TOT,USD,A,50079,,HRWKD,TOT,HR_WKD,A,1771,
Ireland,IE,IRL,372,53,-8,2016,Ireland,70.8,AVWAGE,TOT,USD,A,50593,,HRWKD,TOT,HR_WKD,A,1763,
Ireland,IE,IRL,372,53,-8,2017,Ireland,70.9,AVWAGE,TOT,USD,A,51180,,HRWKD,TOT,HR_WKD,A,1775,
Ireland,IE,IRL,372,53,-8,2018,Ireland,71,AVWAGE,TOT,USD,A,51852,,HRWKD,TOT,HR_WKD,A,1782,
Ireland,IE,IRL,372,53,-8,2019,Ireland,71.1,AVWAGE,TOT,USD,A,52648,,HRWKD,TOT,HR_WKD,A,1771,
Ireland,IE,IRL,372,53,-8,2020,Ireland,71.2,AVWAGE,TOT,USD,A,53651,,HRWKD,TOT,HR_WKD,A,1746,
Ireland,IE,IRL,372,53,-8,2021,Ireland,71.3,AVWAGE,TOT,USD,A,53209.48,,HRWKD,TOT,HR_WKD,A,1775,
Israel,IL,ISR,376,31.5,34.75,2006,Israel,71.08,AVWAGE,TOT,USD,A,36161,,HRWKD,TOT,HR_WKD,A,1955,
Israel,IL,ISR,376,31.5,34.75,2007,Israel,71.16,AVWAGE,TOT,USD,A,36502,,HRWKD,TOT,HR_WKD,A,1966.5,
Israel,IL,ISR,376,31.5,34.75,2008,Israel,71.24,AVWAGE,TOT,USD,A,35979,,HRWKD,TOT,HR_WKD,A,1963.3,
Israel,IL,ISR,376,31.5,34.75,2009,Israel,71.32,AVWAGE,TOT,USD,A,34890,,HRWKD,TOT,HR_WKD,A,1962.5,
Israel,IL,ISR,376,31.5,34.75,2010,Israel,71.4,AVWAGE,TOT,USD,A,34993,,HRWKD,TOT,HR_WKD,A,1956.5,
Israel,IL,ISR,376,31.5,34.75,2011,Israel,71.48,AVWAGE,TOT,USD,A,35189.5,,HRWKD,TOT,HR_WKD,A,1947.2,
Israel,IL,ISR,376,31.5,34.75,2012,Israel,71.56,AVWAGE,TOT,USD,A,35792,,HRWKD,TOT,HR_WKD,A,1918.8,
Israel,IL,ISR,376,31.5,34.75,2013,Israel,71.64,AVWAGE,TOT,USD,A,35900,,HRWKD,TOT,HR_WKD,A,1908.2,
Israel,IL,ISR,376,31.5,34.75,2014,Israel,71.72,AVWAGE,TOT,USD,A,36112.43,,HRWKD,TOT,HR_WKD,A,1894.5,
Israel,IL,ISR,376,31.5,34.75,2015,Israel,71.8,AVWAGE,TOT,USD,A,37213,,HRWKD,TOT,HR_WKD,A,1895.4,
Israel,IL,ISR,376,31.5,34.75,2016,Israel,71.95,AVWAGE,TOT,USD,A,38697.55,,HRWKD,TOT,HR_WKD,A,1922.1,
Israel,IL,ISR,376,31.5,34.75,2017,Israel,72.1,AVWAGE,TOT,USD,A,39898,,HRWKD,TOT,HR_WKD,A,1918,
Israel,IL,ISR,376,31.5,34.75,2018,Israel,72.25,AVWAGE,TOT,USD,A,41059,,HRWKD,TOT,HR_WKD,A,1910.1,
Israel,IL,ISR,376,31.5,34.75,2019,Israel,72.4,AVWAGE,TOT,USD,A,41964.5,,HRWKD,TOT,HR_WKD,A,1898.1,
Israel,IL,ISR,376,31.5,34.75,2020,Israel,72.55,AVWAGE,TOT,USD,A,42130,,HRWKD,TOT,HR_WKD,A,1782.5,
Israel,IL,ISR,376,31.5,34.75,2021,Israel,72.7,AVWAGE,TOT,USD,A,44338.87,,HRWKD,TOT,HR_WKD,A,1752.8,
Italy,IT,ITA,380,42.8333,12.8333,2005,Italy,70.6,AVWAGE,TOT,USD,A,46654.25,,HRWKD,TOT,HR_WKD,A,1811.102,
Italy,IT,ITA,380,42.8333,12.8333,2007,Italy,70.8,AVWAGE,TOT,USD,A,46928,,HRWKD,TOT,HR_WKD,A,1817.707,
Italy,IT,ITA,380,42.8333,12.8333,2008,Italy,70.9,AVWAGE,TOT,USD,A,46864.48,,HRWKD,TOT,HR_WKD,A,1806.5,
Italy,IT,ITA,380,42.8333,12.8333,2009,Italy,71,AVWAGE,TOT,USD,A,47224,,HRWKD,TOT,HR_WKD,A,1775.2,
Italy,IT,ITA,380,42.8333,12.8333,2010,Italy,71.1,AVWAGE,TOT,USD,A,47629,,HRWKD,TOT,HR_WKD,A,1776.8,
Italy,IT,ITA,380,42.8333,12.8333,2011,Italy,71.2,AVWAGE,TOT,USD,A,46866,,HRWKD,TOT,HR_WKD,A,1772.6,
Italy,IT,ITA,380,42.8333,12.8333,2012,Italy,71.3,AVWAGE,TOT,USD,A,45379,,HRWKD,TOT,HR_WKD,A,1733.6,
Italy,IT,ITA,380,42.8333,12.8333,2013,Italy,71.4,AVWAGE,TOT,USD,A,45527,,HRWKD,TOT,HR_WKD,A,1719.09,
Italy,IT,ITA,380,42.8333,12.8333,2014,Italy,71.5,AVWAGE,TOT,USD,A,45703.51,,HRWKD,TOT,HR_WKD,A,1716.3,
Italy,IT,ITA,380,42.8333,12.8333,2015,Italy,71.6,AVWAGE,TOT,USD,A,46103,,HRWKD,TOT,HR_WKD,A,1717.5,
Italy,IT,ITA,380,42.8333,12.8333,2016,Italy,71.675,AVWAGE,TOT,USD,A,46468.52,,HRWKD,TOT,HR_WKD,A,1721.698,
Italy,IT,ITA,380,42.8333,12.8333,2017,Italy,71.75,AVWAGE,TOT,USD,A,46169,,HRWKD,TOT,HR_WKD,A,1719.2,
Italy,IT,ITA,380,42.8333,12.8333,2018,Italy,71.825,AVWAGE,TOT,USD,A,46230,,HRWKD,TOT,HR_WKD,A,1719.4,
Italy,IT,ITA,380,42.8333,12.8333,2019,Italy,71.9,AVWAGE,TOT,USD,A,46460,,HRWKD,TOT,HR_WKD,A,1710.2,
Italy,IT,ITA,380,42.8333,12.8333,2020,Italy,71.975,AVWAGE,TOT,USD,A,44246,,HRWKD,TOT,HR_WKD,A,1553.6,
Italy,IT,ITA,380,42.8333,12.8333,2021,Italy,72.05,AVWAGE,TOT,USD,A,45960.65,,HRWKD,TOT,HR_WKD,A,1668.5,
Japan,JP,JPN,392,36,138,2005,Japan,72.4,AVWAGE,TOT,USD,A,41936.1,,HRWKD,TOT,HR_WKD,A,1776.512,
Japan,JP,JPN,392,36,138,2007,Japan,72.64,AVWAGE,TOT,USD,A,41799,,HRWKD,TOT,HR_WKD,A,1784.75,
Japan,JP,JPN,392,36,138,2008,Japan,72.76,AVWAGE,TOT,USD,A,41463,,HRWKD,TOT,HR_WKD,A,1771.352,
Japan,JP,JPN,392,36,138,2009,Japan,72.88,AVWAGE,TOT,USD,A,40869,,HRWKD,TOT,HR_WKD,A,1713.518,
Japan,JP,JPN,392,36,138,2010,Japan,73,AVWAGE,TOT,USD,A,40999,,HRWKD,TOT,HR_WKD,A,1732.911,
Japan,JP,JPN,392,36,138,2011,Japan,73.12,AVWAGE,TOT,USD,A,41656,,HRWKD,TOT,HR_WKD,A,1728.186,
Japan,JP,JPN,392,36,138,2012,Japan,73.24,AVWAGE,TOT,USD,A,40963,,HRWKD,TOT,HR_WKD,A,1745.088,
Japan,JP,JPN,392,36,138,2013,Japan,73.36,AVWAGE,TOT,USD,A,40995,,HRWKD,TOT,HR_WKD,A,1733.594,
Japan,JP,JPN,392,36,138,2014,Japan,73.48,AVWAGE,TOT,USD,A,40257,,HRWKD,TOT,HR_WKD,A,1729.33,
Japan,JP,JPN,392,36,138,2015,Japan,73.6,AVWAGE,TOT,USD,A,40062,,HRWKD,TOT,HR_WKD,A,1719.294,
Japan,JP,JPN,392,36,138,2016,Japan,73.725,AVWAGE,TOT,USD,A,40609,,HRWKD,TOT,HR_WKD,A,1713.544,
Japan,JP,JPN,392,36,138,2017,Japan,73.85,AVWAGE,TOT,USD,A,40710,,HRWKD,TOT,HR_WKD,A,1708.58,
Japan,JP,JPN,392,36,138,2018,Japan,73.975,AVWAGE,TOT,USD,A,41172,,HRWKD,TOT,HR_WKD,A,1680.167,
Japan,JP,JPN,392,36,138,2019,Japan,74.1,AVWAGE,TOT,USD,A,41699,,HRWKD,TOT,HR_WKD,A,1643.819,
Japan,JP,JPN,392,36,138,2020,Japan,74.225,AVWAGE,TOT,USD,A,41442,,HRWKD,TOT,HR_WKD,A,1597.981,
Japan,JP,JPN,392,36,138,2021,Japan,74.35,AVWAGE,TOT,USD,A,42041.31,,HRWKD,TOT,HR_WKD,A,1607,
"Korea, Republic of",KR,KOR,410,37,127.5,2008,South Korea,70.46,AVWAGE,TOT,USD,A,38914.39,,HRWKD,TOT,HR_WKD,A,2228,
South Korea,KR,KOR,410,37,127.5,2008,South Korea,70.46,AVWAGE,TOT,USD,A,38914.39,,HRWKD,TOT,HR_WKD,A,2228,
"Korea, Republic of",KR,KOR,410,37,127.5,2009,South Korea,70.68,AVWAGE,TOT,USD,A,39116,,HRWKD,TOT,HR_WKD,A,2174,
South Korea,KR,KOR,410,37,127.5,2009,South Korea,70.68,AVWAGE,TOT,USD,A,39116,,HRWKD,TOT,HR_WKD,A,2174,
"Korea, Republic of",KR,KOR,410,37,127.5,2010,South Korea,70.9,AVWAGE,TOT,USD,A,39730.45,,HRWKD,TOT,HR_WKD,A,2163,
South Korea,KR,KOR,410,37,127.5,2010,South Korea,70.9,AVWAGE,TOT,USD,A,39730.45,,HRWKD,TOT,HR_WKD,A,2163,
"Korea, Republic of",KR,KOR,410,37,127.5,2011,South Korea,71.12,AVWAGE,TOT,USD,A,40251.55,,HRWKD,TOT,HR_WKD,A,2136,
South Korea,KR,KOR,410,37,127.5,2011,South Korea,71.12,AVWAGE,TOT,USD,A,40251.55,,HRWKD,TOT,HR_WKD,A,2136,
"Korea, Republic of",KR,KOR,410,37,127.5,2012,South Korea,71.34,AVWAGE,TOT,USD,A,39660,,HRWKD,TOT,HR_WKD,A,2119,
South Korea,KR,KOR,410,37,127.5,2012,South Korea,71.34,AVWAGE,TOT,USD,A,39660,,HRWKD,TOT,HR_WKD,A,2119,
"Korea, Republic of",KR,KOR,410,37,127.5,2013,South Korea,71.56,AVWAGE,TOT,USD,A,40661,,HRWKD,TOT,HR_WKD,A,2106,
South Korea,KR,KOR,410,37,127.5,2013,South Korea,71.56,AVWAGE,TOT,USD,A,40661,,HRWKD,TOT,HR_WKD,A,2106,
"Korea, Republic of",KR,KOR,410,37,127.5,2014,South Korea,71.78,AVWAGE,TOT,USD,A,40746,,HRWKD,TOT,HR_WKD,A,2076,
South Korea,KR,KOR,410,37,127.5,2014,South Korea,71.78,AVWAGE,TOT,USD,A,40746,,HRWKD,TOT,HR_WKD,A,2076,
"Korea, Republic of",KR,KOR,410,37,127.5,2015,South Korea,72,AVWAGE,TOT,USD,A,41878,,HRWKD,TOT,HR_WKD,A,2083,
South Korea,KR,KOR,410,37,127.5,2015,South Korea,72,AVWAGE,TOT,USD,A,41878,,HRWKD,TOT,HR_WKD,A,2083,
"Korea, Republic of",KR,KOR,410,37,127.5,2016,South Korea,72.275,AVWAGE,TOT,USD,A,43106,,HRWKD,TOT,HR_WKD,A,2068,
South Korea,KR,KOR,410,37,127.5,2016,South Korea,72.275,AVWAGE,TOT,USD,A,43106,,HRWKD,TOT,HR_WKD,A,2068,
"Korea, Republic of",KR,KOR,410,37,127.5,2017,South Korea,72.55,AVWAGE,TOT,USD,A,44119,,HRWKD,TOT,HR_WKD,A,2018,
South Korea,KR,KOR,410,37,127.5,2017,South Korea,72.55,AVWAGE,TOT,USD,A,44119,,HRWKD,TOT,HR_WKD,A,2018,
"Korea, Republic of",KR,KOR,410,37,127.5,2018,South Korea,72.825,AVWAGE,TOT,USD,A,45640,,HRWKD,TOT,HR_WKD,A,1993,
South Korea,KR,KOR,410,37,127.5,2018,South Korea,72.825,AVWAGE,TOT,USD,A,45640,,HRWKD,TOT,HR_WKD,A,1993,
"Korea, Republic of",KR,KOR,410,37,127.5,2019,South Korea,73.1,AVWAGE,TOT,USD,A,47207,,HRWKD,TOT,HR_WKD,A,1967,
South Korea,KR,KOR,410,37,127.5,2019,South Korea,73.1,AVWAGE,TOT,USD,A,47207,,HRWKD,TOT,HR_WKD,A,1967,
"Korea, Republic of",KR,KOR,410,37,127.5,2020,South Korea,73.375,AVWAGE,TOT,USD,A,48294,,HRWKD,TOT,HR_WKD,A,1908,
South Korea,KR,KOR,410,37,127.5,2020,South Korea,73.375,AVWAGE,TOT,USD,A,48294,,HRWKD,TOT,HR_WKD,A,1908,
"Korea, Republic of",KR,KOR,410,37,127.5,2021,South Korea,73.65,AVWAGE,TOT,USD,A,49142.98,,HRWKD,TOT,HR_WKD,A,1910,
South Korea,KR,KOR,410,37,127.5,2021,South Korea,73.65,AVWAGE,TOT,USD,A,49142.98,,HRWKD,TOT,HR_WKD,A,1910,
Latvia,LV,LVA,428,57,25,2006,Latvia,63.1,AVWAGE,TOT,USD,A,20051.21,,HRWKD,TOT,HR_WKD,A,1829.004,
Latvia,LV,LVA,428,57,25,2007,Latvia,63.4,AVWAGE,TOT,USD,A,24721,,HRWKD,TOT,HR_WKD,A,1793.626,
Latvia,LV,LVA,428,57,25,2008,Latvia,63.7,AVWAGE,TOT,USD,A,25508.26,,HRWKD,TOT,HR_WKD,A,1751.084,
Latvia,LV,LVA,428,57,25,2009,Latvia,64,AVWAGE,TOT,USD,A,23031.26,,HRWKD,TOT,HR_WKD,A,1707.331,
Latvia,LV,LVA,428,57,25,2011,Latvia,64.6,AVWAGE,TOT,USD,A,21373,,HRWKD,TOT,HR_WKD,A,1707.04,
Latvia,LV,LVA,428,57,25,2012,Latvia,64.9,AVWAGE,TOT,USD,A,22240,,HRWKD,TOT,HR_WKD,A,1691.635,
Latvia,LV,LVA,428,57,25,2013,Latvia,65.2,AVWAGE,TOT,USD,A,23301.45,,HRWKD,TOT,HR_WKD,A,1685.929,
Latvia,LV,LVA,428,57,25,2014,Latvia,65.5,AVWAGE,TOT,USD,A,24864,,HRWKD,TOT,HR_WKD,A,1695.303,
Latvia,LV,LVA,428,57,25,2015,Latvia,65.8,AVWAGE,TOT,USD,A,26944,,HRWKD,TOT,HR_WKD,A,1663.181,
Latvia,LV,LVA,428,57,25,2016,Latvia,65.9,AVWAGE,TOT,USD,A,28522.6,,HRWKD,TOT,HR_WKD,A,1663.836,
Latvia,LV,LVA,428,57,25,2017,Latvia,66,AVWAGE,TOT,USD,A,29546,,HRWKD,TOT,HR_WKD,A,1649.86,
Latvia,LV,LVA,428,57,25,2018,Latvia,66.1,AVWAGE,TOT,USD,A,30640,,HRWKD,TOT,HR_WKD,A,1661.309,
Latvia,LV,LVA,428,57,25,2019,Latvia,66.2,AVWAGE,TOT,USD,A,31972,,HRWKD,TOT,HR_WKD,A,1631.036,
Latvia,LV,LVA,428,57,25,2020,Latvia,66.3,AVWAGE,TOT,USD,A,33199,,HRWKD,TOT,HR_WKD,A,1576.93,
Latvia,LV,LVA,428,57,25,2021,Latvia,66.4,AVWAGE,TOT,USD,A,35923.06,,HRWKD,TOT,HR_WKD,A,1601.203,
Lithuania,LT,LTU,440,56,24,2006,Lithuania,63.5,AVWAGE,TOT,USD,A,29975,,HRWKD,TOT,HR_WKD,A,1654.94,
Lithuania,LT,LTU,440,56,24,2007,Lithuania,63.7,AVWAGE,TOT,USD,A,31928.6,,HRWKD,TOT,HR_WKD,A,1681.034,
Lithuania,LT,LTU,440,56,24,2008,Lithuania,63.9,AVWAGE,TOT,USD,A,32512,,HRWKD,TOT,HR_WKD,A,1707.35,
Lithuania,LT,LTU,440,56,24,2009,Lithuania,64.1,AVWAGE,TOT,USD,A,28233,,HRWKD,TOT,HR_WKD,A,1644.993,
Lithuania,LT,LTU,440,56,24,2010,Lithuania,64.3,AVWAGE,TOT,USD,A,28340,,HRWKD,TOT,HR_WKD,A,1696.679,
Lithuania,LT,LTU,440,56,24,2011,Lithuania,64.5,AVWAGE,TOT,USD,A,28918,,HRWKD,TOT,HR_WKD,A,1674.217,
Lithuania,LT,LTU,440,56,24,2012,Lithuania,64.7,AVWAGE,TOT,USD,A,29401,,HRWKD,TOT,HR_WKD,A,1672.253,
Lithuania,LT,LTU,440,56,24,2013,Lithuania,64.9,AVWAGE,TOT,USD,A,30514.65,,HRWKD,TOT,HR_WKD,A,1657.482,
Lithuania,LT,LTU,440,56,24,2014,Lithuania,65.1,AVWAGE,TOT,USD,A,31902.39,,HRWKD,TOT,HR_WKD,A,1649.89,
Lithuania,LT,LTU,440,56,24,2015,Lithuania,65.3,AVWAGE,TOT,USD,A,33988.65,,HRWKD,TOT,HR_WKD,A,1673.198,
Lithuania,LT,LTU,440,56,24,2016,Lithuania,65.65,AVWAGE,TOT,USD,A,35752,,HRWKD,TOT,HR_WKD,A,1694.331,
Lithuania,LT,LTU,440,56,24,2017,Lithuania,66,AVWAGE,TOT,USD,A,37766,,HRWKD,TOT,HR_WKD,A,1656.899,
Lithuania,LT,LTU,440,56,24,2018,Lithuania,66.35,AVWAGE,TOT,USD,A,39524,,HRWKD,TOT,HR_WKD,A,1664.021,
Lithuania,LT,LTU,440,56,24,2019,Lithuania,66.7,AVWAGE,TOT,USD,A,42041,,HRWKD,TOT,HR_WKD,A,1665.382,
Lithuania,LT,LTU,440,56,24,2020,Lithuania,67.05,AVWAGE,TOT,USD,A,44228,,HRWKD,TOT,HR_WKD,A,1594.926,
Lithuania,LT,LTU,440,56,24,2021,Lithuania,67.4,AVWAGE,TOT,USD,A,47035.44,,HRWKD,TOT,HR_WKD,A,1619.977,
Luxembourg,LU,LUX,442,49.75,6.1667,2009,Luxembourg,70.3,AVWAGE,TOT,USD,A,71070,,HRWKD,TOT,HR_WKD,A,1518,
Luxembourg,LU,LUX,442,49.75,6.1667,2010,Luxembourg,70.5,AVWAGE,TOT,USD,A,71085,,HRWKD,TOT,HR_WKD,A,1521,
Luxembourg,LU,LUX,442,49.75,6.1667,2011,Luxembourg,70.7,AVWAGE,TOT,USD,A,71478,,HRWKD,TOT,HR_WKD,A,1520,
Luxembourg,LU,LUX,442,49.75,6.1667,2012,Luxembourg,70.9,AVWAGE,TOT,USD,A,70741,,HRWKD,TOT,HR_WKD,A,1514,
Luxembourg,LU,LUX,442,49.75,6.1667,2013,Luxembourg,71.1,AVWAGE,TOT,USD,A,71601,,HRWKD,TOT,HR_WKD,A,1506,
Luxembourg,LU,LUX,442,49.75,6.1667,2014,Luxembourg,71.3,AVWAGE,TOT,USD,A,72846,,HRWKD,TOT,HR_WKD,A,1512,
Luxembourg,LU,LUX,442,49.75,6.1667,2015,Luxembourg,71.5,AVWAGE,TOT,USD,A,73225,,HRWKD,TOT,HR_WKD,A,1519,
Luxembourg,LU,LUX,442,49.75,6.1667,2016,Luxembourg,71.525,AVWAGE,TOT,USD,A,72999,,HRWKD,TOT,HR_WKD,A,1518,
Luxembourg,LU,LUX,442,49.75,6.1667,2017,Luxembourg,71.55,AVWAGE,TOT,USD,A,73918,,HRWKD,TOT,HR_WKD,A,1508,
Luxembourg,LU,LUX,442,49.75,6.1667,2018,Luxembourg,71.575,AVWAGE,TOT,USD,A,74261,,HRWKD,TOT,HR_WKD,A,1509,
Luxembourg,LU,LUX,442,49.75,6.1667,2019,Luxembourg,71.6,AVWAGE,TOT,USD,A,74399,,HRWKD,TOT,HR_WKD,A,1507,
Mexico,MX,MEX,484,23,-102,2005,Mexico,64.4,AVWAGE,TOT,USD,A,18777.91,,HRWKD,TOT,HR_WKD,A,2105,
Mexico,MX,MEX,484,23,-102,2007,Mexico,64.68,AVWAGE,TOT,USD,A,18818,,HRWKD,TOT,HR_WKD,A,2045,
Mexico,MX,MEX,484,23,-102,2008,Mexico,64.82,AVWAGE,TOT,USD,A,18656,,HRWKD,TOT,HR_WKD,A,2105,
Mexico,MX,MEX,484,23,-102,2009,Mexico,64.96,AVWAGE,TOT,USD,A,18806.33,,HRWKD,TOT,HR_WKD,A,1973,
Mexico,MX,MEX,484,23,-102,2010,Mexico,65.1,AVWAGE,TOT,USD,A,17618.36,,HRWKD,TOT,HR_WKD,A,2150,
Mexico,MX,MEX,484,23,-102,2011,Mexico,65.24,AVWAGE,TOT,USD,A,17776.57,,HRWKD,TOT,HR_WKD,A,2121,
Mexico,MX,MEX,484,23,-102,2012,Mexico,65.38,AVWAGE,TOT,USD,A,17457.21,,HRWKD,TOT,HR_WKD,A,2120,
Mexico,MX,MEX,484,23,-102,2013,Mexico,65.52,AVWAGE,TOT,USD,A,17469.69,,HRWKD,TOT,HR_WKD,A,2136,
Mexico,MX,MEX,484,23,-102,2014,Mexico,65.66,AVWAGE,TOT,USD,A,17503,,HRWKD,TOT,HR_WKD,A,2134.06,
Mexico,MX,MEX,484,23,-102,2015,Mexico,65.8,AVWAGE,TOT,USD,A,17730.33,,HRWKD,TOT,HR_WKD,A,2139.893,
Mexico,MX,MEX,484,23,-102,2016,Mexico,65.8,AVWAGE,TOT,USD,A,17521.66,,HRWKD,TOT,HR_WKD,A,2145.888,
Mexico,MX,MEX,484,23,-102,2017,Mexico,65.8,AVWAGE,TOT,USD,A,17475.39,,HRWKD,TOT,HR_WKD,A,2148.538,
Mexico,MX,MEX,484,23,-102,2018,Mexico,65.8,AVWAGE,TOT,USD,A,17865.23,,HRWKD,TOT,HR_WKD,A,2149.408,
Mexico,MX,MEX,484,23,-102,2019,Mexico,65.8,AVWAGE,TOT,USD,A,18031.44,,HRWKD,TOT,HR_WKD,A,2138.89,
Mexico,MX,MEX,484,23,-102,2020,Mexico,65.8,AVWAGE,TOT,USD,A,17467,,HRWKD,TOT,HR_WKD,A,2123.537,
Mexico,MX,MEX,484,23,-102,2021,Mexico,65.8,AVWAGE,TOT,USD,A,17637.06,,HRWKD,TOT,HR_WKD,A,2127.808,
Netherlands,NL,NLD,528,52.5,5.75,2005,Netherlands,70.7,AVWAGE,TOT,USD,A,62542.65,,HRWKD,TOT,HR_WKD,A,1433.612,
Netherlands,NL,NLD,528,52.5,5.75,2007,Netherlands,70.78,AVWAGE,TOT,USD,A,63276,,HRWKD,TOT,HR_WKD,A,1429.172,
Netherlands,NL,NLD,528,52.5,5.75,2008,Netherlands,70.82,AVWAGE,TOT,USD,A,63660,,HRWKD,TOT,HR_WKD,A,1428.566,
Netherlands,NL,NLD,528,52.5,5.75,2010,Netherlands,70.9,AVWAGE,TOT,USD,A,66270,,HRWKD,TOT,HR_WKD,A,1419.633,
Netherlands,NL,NLD,528,52.5,5.75,2011,Netherlands,70.94,AVWAGE,TOT,USD,A,65977,,HRWKD,TOT,HR_WKD,A,1420.18,
Netherlands,NL,NLD,528,52.5,5.75,2012,Netherlands,70.98,AVWAGE,TOT,USD,A,66198,,HRWKD,TOT,HR_WKD,A,1410.51,
Netherlands,NL,NLD,528,52.5,5.75,2013,Netherlands,71.02,AVWAGE,TOT,USD,A,66395,,HRWKD,TOT,HR_WKD,A,1414.699,
Netherlands,NL,NLD,528,52.5,5.75,2014,Netherlands,71.06,AVWAGE,TOT,USD,A,66039,,HRWKD,TOT,HR_WKD,A,1425.595,
Netherlands,NL,NLD,528,52.5,5.75,2015,Netherlands,71.1,AVWAGE,TOT,USD,A,66841,,HRWKD,TOT,HR_WKD,A,1425.814,
Netherlands,NL,NLD,528,52.5,5.75,2016,Netherlands,71.175,AVWAGE,TOT,USD,A,67112,,HRWKD,TOT,HR_WKD,A,1437.309,
Netherlands,NL,NLD,528,52.5,5.75,2017,Netherlands,71.25,AVWAGE,TOT,USD,A,66634,,HRWKD,TOT,HR_WKD,A,1436.766,
Netherlands,NL,NLD,528,52.5,5.75,2018,Netherlands,71.325,AVWAGE,TOT,USD,A,65910,,HRWKD,TOT,HR_WKD,A,1436.06,
Netherlands,NL,NLD,528,52.5,5.75,2019,Netherlands,71.4,AVWAGE,TOT,USD,A,65449,,HRWKD,TOT,HR_WKD,A,1438.52,
Netherlands,NL,NLD,528,52.5,5.75,2020,Netherlands,71.475,AVWAGE,TOT,USD,A,67163,,HRWKD,TOT,HR_WKD,A,1406.867,
Netherlands,NL,NLD,528,52.5,5.75,2021,Netherlands,71.55,AVWAGE,TOT,USD,A,66221.48,,HRWKD,TOT,HR_WKD,A,1416.543,
New Zealand,NZ,NZL,554,-41,174,2006,New Zealand,69.72,AVWAGE,TOT,USD,A,41548,,HRWKD,TOT,HR_WKD,A,1795,
New Zealand,NZ,NZL,554,-41,174,2007,New Zealand,69.74,AVWAGE,TOT,USD,A,43973,,HRWKD,TOT,HR_WKD,A,1774,
New Zealand,NZ,NZL,554,-41,174,2008,New Zealand,69.76,AVWAGE,TOT,USD,A,43463,,HRWKD,TOT,HR_WKD,A,1761,
New Zealand,NZ,NZL,554,-41,174,2010,New Zealand,69.8,AVWAGE,TOT,USD,A,44475.53,,HRWKD,TOT,HR_WKD,A,1755,
New Zealand,NZ,NZL,554,-41,174,2011,New Zealand,69.82,AVWAGE,TOT,USD,A,44442,,HRWKD,TOT,HR_WKD,A,1746,
New Zealand,NZ,NZL,554,-41,174,2012,New Zealand,69.84,AVWAGE,TOT,USD,A,45402,,HRWKD,TOT,HR_WKD,A,1734,
New Zealand,NZ,NZL,554,-41,174,2013,New Zealand,69.86,AVWAGE,TOT,USD,A,44794,,HRWKD,TOT,HR_WKD,A,1756,
New Zealand,NZ,NZL,554,-41,174,2014,New Zealand,69.88,AVWAGE,TOT,USD,A,44969,,HRWKD,TOT,HR_WKD,A,1758,
New Zealand,NZ,NZL,554,-41,174,2015,New Zealand,69.9,AVWAGE,TOT,USD,A,45779,,HRWKD,TOT,HR_WKD,A,1753,
New Zealand,NZ,NZL,554,-41,174,2016,New Zealand,69.975,AVWAGE,TOT,USD,A,47269,,HRWKD,TOT,HR_WKD,A,1754,
New Zealand,NZ,NZL,554,-41,174,2017,New Zealand,70.05,AVWAGE,TOT,USD,A,47594,,HRWKD,TOT,HR_WKD,A,1756,
New Zealand,NZ,NZL,554,-41,174,2018,New Zealand,70.125,AVWAGE,TOT,USD,A,48784,,HRWKD,TOT,HR_WKD,A,1759,
New Zealand,NZ,NZL,554,-41,174,2019,New Zealand,70.2,AVWAGE,TOT,USD,A,50211,,HRWKD,TOT,HR_WKD,A,1783,
New Zealand,NZ,NZL,554,-41,174,2020,New Zealand,70.275,AVWAGE,TOT,USD,A,51417,,HRWKD,TOT,HR_WKD,A,1739,
New Zealand,NZ,NZL,554,-41,174,2021,New Zealand,70.35,AVWAGE,TOT,USD,A,51877.34,,HRWKD,TOT,HR_WKD,A,1730,
Norway,NO,NOR,578,62,10,2006,Norway,69.4,AVWAGE,TOT,USD,A,43540,,HRWKD,TOT,HR_WKD,A,1426.4,
Norway,NO,NOR,578,62,10,2008,Norway,69.8,AVWAGE,TOT,USD,A,46429,,HRWKD,TOT,HR_WKD,A,1443,
Norway,NO,NOR,578,62,10,2012,Norway,70.6,AVWAGE,TOT,USD,A,50542,,HRWKD,TOT,HR_WKD,A,1431.1,
Norway,NO,NOR,578,62,10,2014,Norway,71,AVWAGE,TOT,USD,A,51809,,HRWKD,TOT,HR_WKD,A,1424.1,
Norway,NO,NOR,578,62,10,2015,Norway,71.2,AVWAGE,TOT,USD,A,52068,,HRWKD,TOT,HR_WKD,A,1426.6,
Norway,NO,NOR,578,62,10,2016,Norway,71.25,AVWAGE,TOT,USD,A,51226,,HRWKD,TOT,HR_WKD,A,1430,
Norway,NO,NOR,578,62,10,2017,Norway,71.3,AVWAGE,TOT,USD,A,51096,,HRWKD,TOT,HR_WKD,A,1419.5,
Norway,NO,NOR,578,62,10,2018,Norway,71.35,AVWAGE,TOT,USD,A,51340,,HRWKD,TOT,HR_WKD,A,1419.2,
Norway,NO,NOR,578,62,10,2019,Norway,71.4,AVWAGE,TOT,USD,A,52273,,HRWKD,TOT,HR_WKD,A,1418.6,
Norway,NO,NOR,578,62,10,2020,Norway,71.45,AVWAGE,TOT,USD,A,52415,,HRWKD,TOT,HR_WKD,A,1410.7,
Norway,NO,NOR,578,62,10,2021,Norway,71.5,AVWAGE,TOT,USD,A,53813.21,,HRWKD,TOT,HR_WKD,A,1427.1,
Poland,PL,POL,616,52,20,2005,Poland,66.2,AVWAGE,TOT,USD,A,24682.38,,HRWKD,TOT,HR_WKD,A,1855.975,
Poland,PL,POL,616,52,20,2007,Poland,66.56,AVWAGE,TOT,USD,A,25663.7,,HRWKD,TOT,HR_WKD,A,1854.695,
Poland,PL,POL,616,52,20,2009,Poland,66.92,AVWAGE,TOT,USD,A,26996.51,,HRWKD,TOT,HR_WKD,A,1833.614,
Poland,PL,POL,616,52,20,2010,Poland,67.1,AVWAGE,TOT,USD,A,28090.56,,HRWKD,TOT,HR_WKD,A,1828.972,
Poland,PL,POL,616,52,20,2011,Poland,67.28,AVWAGE,TOT,USD,A,28247,,HRWKD,TOT,HR_WKD,A,1824.33,
Poland,PL,POL,616,52,20,2012,Poland,67.46,AVWAGE,TOT,USD,A,27972,,HRWKD,TOT,HR_WKD,A,1819.688,
Poland,PL,POL,616,52,20,2013,Poland,67.64,AVWAGE,TOT,USD,A,28273.57,,HRWKD,TOT,HR_WKD,A,1816.434,
Poland,PL,POL,616,52,20,2014,Poland,67.82,AVWAGE,TOT,USD,A,28919,,HRWKD,TOT,HR_WKD,A,1822.296,
Poland,PL,POL,616,52,20,2015,Poland,68,AVWAGE,TOT,USD,A,29635.47,,HRWKD,TOT,HR_WKD,A,1829.159,
Poland,PL,POL,616,52,20,2016,Poland,68.175,AVWAGE,TOT,USD,A,31199,,HRWKD,TOT,HR_WKD,A,1831.364,
Poland,PL,POL,616,52,20,2017,Poland,68.35,AVWAGE,TOT,USD,A,32474.61,,HRWKD,TOT,HR_WKD,A,1811.616,
Poland,PL,POL,616,52,20,2018,Poland,68.525,AVWAGE,TOT,USD,A,34546,,HRWKD,TOT,HR_WKD,A,1787.329,
Poland,PL,POL,616,52,20,2019,Poland,68.7,AVWAGE,TOT,USD,A,36667,,HRWKD,TOT,HR_WKD,A,1782.625,
Poland,PL,POL,616,52,20,2020,Poland,68.875,AVWAGE,TOT,USD,A,37325,,HRWKD,TOT,HR_WKD,A,1768.756,
Poland,PL,POL,616,52,20,2021,Poland,69.05,AVWAGE,TOT,USD,A,37126.69,,HRWKD,TOT,HR_WKD,A,1830.237,
Portugal,PT,PRT,620,39.5,-8,2006,Portugal,68.34,AVWAGE,TOT,USD,A,30215.47,,HRWKD,TOT,HR_WKD,A,1738.865,
Portugal,PT,PRT,620,39.5,-8,2008,Portugal,68.82,AVWAGE,TOT,USD,A,30315.49,,HRWKD,TOT,HR_WKD,A,1742.577,
Portugal,PT,PRT,620,39.5,-8,2010,Portugal,69.3,AVWAGE,TOT,USD,A,31589,,HRWKD,TOT,HR_WKD,A,1745.595,
Portugal,PT,PRT,620,39.5,-8,2011,Portugal,69.54,AVWAGE,TOT,USD,A,30820,,HRWKD,TOT,HR_WKD,A,1724.362,
Portugal,PT,PRT,620,39.5,-8,2012,Portugal,69.78,AVWAGE,TOT,USD,A,29495.54,,HRWKD,TOT,HR_WKD,A,1708.218,
Portugal,PT,PRT,620,39.5,-8,2013,Portugal,70.02,AVWAGE,TOT,USD,A,30055.6,,HRWKD,TOT,HR_WKD,A,1717.553,
Portugal,PT,PRT,620,39.5,-8,2014,Portugal,70.26,AVWAGE,TOT,USD,A,29538,,HRWKD,TOT,HR_WKD,A,1724.576,
Portugal,PT,PRT,620,39.5,-8,2015,Portugal,70.5,AVWAGE,TOT,USD,A,29448.48,,HRWKD,TOT,HR_WKD,A,1731.733,
Portugal,PT,PRT,620,39.5,-8,2016,Portugal,70.625,AVWAGE,TOT,USD,A,29320,,HRWKD,TOT,HR_WKD,A,1737.476,
Portugal,PT,PRT,620,39.5,-8,2017,Portugal,70.75,AVWAGE,TOT,USD,A,29433.32,,HRWKD,TOT,HR_WKD,A,1727.14,
Portugal,PT,PRT,620,39.5,-8,2018,Portugal,70.875,AVWAGE,TOT,USD,A,29919.33,,HRWKD,TOT,HR_WKD,A,1737.704,
Portugal,PT,PRT,620,39.5,-8,2019,Portugal,71,AVWAGE,TOT,USD,A,31081.37,,HRWKD,TOT,HR_WKD,A,1743.93,
Portugal,PT,PRT,620,39.5,-8,2020,Portugal,71.125,AVWAGE,TOT,USD,A,31300.37,,HRWKD,TOT,HR_WKD,A,1611.193,
Portugal,PT,PRT,620,39.5,-8,2021,Portugal,71.25,AVWAGE,TOT,USD,A,32089.38,,HRWKD,TOT,HR_WKD,A,1648.943,
Slovakia,SK,SVK,703,48.6667,19.5,2006,Slovakia,65.62,AVWAGE,TOT,USD,A,19561,,HRWKD,TOT,HR_WKD,A,1774,
Slovakia,SK,SVK,703,48.6667,19.5,2010,Slovakia,66.5,AVWAGE,TOT,USD,A,22641.75,,HRWKD,TOT,HR_WKD,A,1805,
Slovakia,SK,SVK,703,48.6667,19.5,2011,Slovakia,66.72,AVWAGE,TOT,USD,A,22442.51,,HRWKD,TOT,HR_WKD,A,1793.01,
Slovakia,SK,SVK,703,48.6667,19.5,2012,Slovakia,66.94,AVWAGE,TOT,USD,A,22161,,HRWKD,TOT,HR_WKD,A,1789,
Slovakia,SK,SVK,703,48.6667,19.5,2013,Slovakia,67.16,AVWAGE,TOT,USD,A,22333,,HRWKD,TOT,HR_WKD,A,1772,
Slovakia,SK,SVK,703,48.6667,19.5,2014,Slovakia,67.38,AVWAGE,TOT,USD,A,22780.73,,HRWKD,TOT,HR_WKD,A,1760,
Slovakia,SK,SVK,703,48.6667,19.5,2015,Slovakia,67.6,AVWAGE,TOT,USD,A,23676,,HRWKD,TOT,HR_WKD,A,1754,
Slovakia,SK,SVK,703,48.6667,19.5,2016,Slovakia,67.825,AVWAGE,TOT,USD,A,24426,,HRWKD,TOT,HR_WKD,A,1740.012,
Slovakia,SK,SVK,703,48.6667,19.5,2017,Slovakia,68.05,AVWAGE,TOT,USD,A,25151.45,,HRWKD,TOT,HR_WKD,A,1713.784,
Slovakia,SK,SVK,703,48.6667,19.5,2018,Slovakia,68.275,AVWAGE,TOT,USD,A,25862,,HRWKD,TOT,HR_WKD,A,1703.924,
Slovakia,SK,SVK,703,48.6667,19.5,2019,Slovakia,68.5,AVWAGE,TOT,USD,A,26706.52,,HRWKD,TOT,HR_WKD,A,1691.986,
Slovakia,SK,SVK,703,48.6667,19.5,2020,Slovakia,68.725,AVWAGE,TOT,USD,A,27052,,HRWKD,TOT,HR_WKD,A,1571.98,
Slovakia,SK,SVK,703,48.6667,19.5,2021,Slovakia,68.95,AVWAGE,TOT,USD,A,27546.58,,HRWKD,TOT,HR_WKD,A,1583.159,
Slovenia,SI,SVN,705,46,15,2006,Slovenia,68.56,AVWAGE,TOT,USD,A,39774.48,,HRWKD,TOT,HR_WKD,A,1667.413,
Slovenia,SI,SVN,705,46,15,2009,Slovenia,69.04,AVWAGE,TOT,USD,A,41676,,HRWKD,TOT,HR_WKD,A,1678.997,
Slovenia,SI,SVN,705,46,15,2010,Slovenia,69.2,AVWAGE,TOT,USD,A,42846,,HRWKD,TOT,HR_WKD,A,1680.3,
Slovenia,SI,SVN,705,46,15,2011,Slovenia,69.36,AVWAGE,TOT,USD,A,42724.51,,HRWKD,TOT,HR_WKD,A,1663.4,
Slovenia,SI,SVN,705,46,15,2012,Slovenia,69.52,AVWAGE,TOT,USD,A,41437.46,,HRWKD,TOT,HR_WKD,A,1644.3,
Slovenia,SI,SVN,705,46,15,2013,Slovenia,69.68,AVWAGE,TOT,USD,A,40760,,HRWKD,TOT,HR_WKD,A,1662.2,
Slovenia,SI,SVN,705,46,15,2014,Slovenia,69.84,AVWAGE,TOT,USD,A,41576,,HRWKD,TOT,HR_WKD,A,1681.8,
Slovenia,SI,SVN,705,46,15,2015,Slovenia,70,AVWAGE,TOT,USD,A,42482,,HRWKD,TOT,HR_WKD,A,1687.309,
Slovenia,SI,SVN,705,46,15,2016,Slovenia,70.175,AVWAGE,TOT,USD,A,44095,,HRWKD,TOT,HR_WKD,A,1652.4,
Slovenia,SI,SVN,705,46,15,2017,Slovenia,70.35,AVWAGE,TOT,USD,A,44894,,HRWKD,TOT,HR_WKD,A,1621.923,
Slovenia,SI,SVN,705,46,15,2018,Slovenia,70.525,AVWAGE,TOT,USD,A,45702,,HRWKD,TOT,HR_WKD,A,1599.109,
Slovenia,SI,SVN,705,46,15,2019,Slovenia,70.7,AVWAGE,TOT,USD,A,47050,,HRWKD,TOT,HR_WKD,A,1601.835,
Slovenia,SI,SVN,705,46,15,2020,Slovenia,70.875,AVWAGE,TOT,USD,A,48605,,HRWKD,TOT,HR_WKD,A,1533.823,
Slovenia,SI,SVN,705,46,15,2021,Slovenia,71.05,AVWAGE,TOT,USD,A,50466.69,,HRWKD,TOT,HR_WKD,A,1596.395,
Spain,ES,ESP,724,40,-4,2005,Spain,70.4,AVWAGE,TOT,USD,A,42437.2,,HRWKD,TOT,HR_WKD,A,1723.7,
Spain,ES,ESP,724,40,-4,2007,Spain,70.64,AVWAGE,TOT,USD,A,42692,,HRWKD,TOT,HR_WKD,A,1701.308,
Spain,ES,ESP,724,40,-4,2008,Spain,70.76,AVWAGE,TOT,USD,A,44201,,HRWKD,TOT,HR_WKD,A,1710.1,
Spain,ES,ESP,724,40,-4,2009,Spain,70.88,AVWAGE,TOT,USD,A,46983,,HRWKD,TOT,HR_WKD,A,1715.805,
Spain,ES,ESP,724,40,-4,2010,Spain,71,AVWAGE,TOT,USD,A,46538,,HRWKD,TOT,HR_WKD,A,1705.8,
Spain,ES,ESP,724,40,-4,2011,Spain,71.12,AVWAGE,TOT,USD,A,45707,,HRWKD,TOT,HR_WKD,A,1710.692,
Spain,ES,ESP,724,40,-4,2012,Spain,71.24,AVWAGE,TOT,USD,A,44427,,HRWKD,TOT,HR_WKD,A,1696.7,
Spain,ES,ESP,724,40,-4,2013,Spain,71.36,AVWAGE,TOT,USD,A,44431,,HRWKD,TOT,HR_WKD,A,1689.8,
Spain,ES,ESP,724,40,-4,2014,Spain,71.48,AVWAGE,TOT,USD,A,44294,,HRWKD,TOT,HR_WKD,A,1690.6,
Spain,ES,ESP,724,40,-4,2015,Spain,71.6,AVWAGE,TOT,USD,A,44957,,HRWKD,TOT,HR_WKD,A,1694.2,
Spain,ES,ESP,724,40,-4,2016,Spain,71.725,AVWAGE,TOT,USD,A,44704,,HRWKD,TOT,HR_WKD,A,1701.5,
Spain,ES,ESP,724,40,-4,2017,Spain,71.85,AVWAGE,TOT,USD,A,44123,,HRWKD,TOT,HR_WKD,A,1692.394,
Spain,ES,ESP,724,40,-4,2018,Spain,71.975,AVWAGE,TOT,USD,A,43975,,HRWKD,TOT,HR_WKD,A,1697.622,
Spain,ES,ESP,724,40,-4,2019,Spain,72.1,AVWAGE,TOT,USD,A,44448,,HRWKD,TOT,HR_WKD,A,1682.936,
Spain,ES,ESP,724,40,-4,2020,Spain,72.225,AVWAGE,TOT,USD,A,43828,,HRWKD,TOT,HR_WKD,A,1569.672,
Spain,ES,ESP,724,40,-4,2021,Spain,72.35,AVWAGE,TOT,USD,A,44443.89,,HRWKD,TOT,HR_WKD,A,1640.941,
Sweden,SE,SWE,752,62,15,2005,Sweden,71,AVWAGE,TOT,USD,A,41216.49,,HRWKD,TOT,HR_WKD,A,1451.476,
Sweden,SE,SWE,752,62,15,2007,Sweden,71.08,AVWAGE,TOT,USD,A,43779,,HRWKD,TOT,HR_WKD,A,1461.687,
Sweden,SE,SWE,752,62,15,2008,Sweden,71.12,AVWAGE,TOT,USD,A,44635,,HRWKD,TOT,HR_WKD,A,1471.283,
Sweden,SE,SWE,752,62,15,2009,Sweden,71.16,AVWAGE,TOT,USD,A,44790,,HRWKD,TOT,HR_WKD,A,1457.932,
Sweden,SE,SWE,752,62,15,2010,Sweden,71.2,AVWAGE,TOT,USD,A,45337.48,,HRWKD,TOT,HR_WKD,A,1483.018,
Sweden,SE,SWE,752,62,15,2011,Sweden,71.24,AVWAGE,TOT,USD,A,46020,,HRWKD,TOT,HR_WKD,A,1483.863,
Sweden,SE,SWE,752,62,15,2012,Sweden,71.28,AVWAGE,TOT,USD,A,46993,,HRWKD,TOT,HR_WKD,A,1471.372,
Sweden,SE,SWE,752,62,15,2013,Sweden,71.32,AVWAGE,TOT,USD,A,47506,,HRWKD,TOT,HR_WKD,A,1462.893,
Sweden,SE,SWE,752,62,15,2014,Sweden,71.36,AVWAGE,TOT,USD,A,48043,,HRWKD,TOT,HR_WKD,A,1464.36,
Sweden,SE,SWE,752,62,15,2015,Sweden,71.4,AVWAGE,TOT,USD,A,48770.49,,HRWKD,TOT,HR_WKD,A,1465.871,
Sweden,SE,SWE,752,62,15,2016,Sweden,71.525,AVWAGE,TOT,USD,A,49535,,HRWKD,TOT,HR_WKD,A,1478.111,
Sweden,SE,SWE,752,62,15,2017,Sweden,71.65,AVWAGE,TOT,USD,A,49797,,HRWKD,TOT,HR_WKD,A,1466.709,
Sweden,SE,SWE,752,62,15,2018,Sweden,71.775,AVWAGE,TOT,USD,A,50041,,HRWKD,TOT,HR_WKD,A,1466.181,
Sweden,SE,SWE,752,62,15,2019,Sweden,71.9,AVWAGE,TOT,USD,A,50559,,HRWKD,TOT,HR_WKD,A,1453.424,
Sweden,SE,SWE,752,62,15,2020,Sweden,72.025,AVWAGE,TOT,USD,A,51214,,HRWKD,TOT,HR_WKD,A,1426.155,
Sweden,SE,SWE,752,62,15,2021,Sweden,72.15,AVWAGE,TOT,USD,A,51928.98,,HRWKD,TOT,HR_WKD,A,1444.285,
Switzerland,CH,CHE,756,47,8,2006,Switzerland,71.16,AVWAGE,TOT,USD,A,65847,,HRWKD,TOT,HR_WKD,A,1679.2,
Switzerland,CH,CHE,756,47,8,2009,Switzerland,71.34,AVWAGE,TOT,USD,A,68319,,HRWKD,TOT,HR_WKD,A,1650.8,
Switzerland,CH,CHE,756,47,8,2012,Switzerland,71.52,AVWAGE,TOT,USD,A,69383,,HRWKD,TOT,HR_WKD,A,1592.564,
Switzerland,CH,CHE,756,47,8,2014,Switzerland,71.64,AVWAGE,TOT,USD,A,70412,,HRWKD,TOT,HR_WKD,A,1564.47,
Switzerland,CH,CHE,756,47,8,2015,Switzerland,71.7,AVWAGE,TOT,USD,A,70797,,HRWKD,TOT,HR_WKD,A,1576.62,
Switzerland,CH,CHE,756,47,8,2016,Switzerland,71.9,AVWAGE,TOT,USD,A,70468,,HRWKD,TOT,HR_WKD,A,1577.044,
Switzerland,CH,CHE,756,47,8,2017,Switzerland,72.1,AVWAGE,TOT,USD,A,70087,,HRWKD,TOT,HR_WKD,A,1559.09,
Switzerland,CH,CHE,756,47,8,2018,Switzerland,72.3,AVWAGE,TOT,USD,A,69892,,HRWKD,TOT,HR_WKD,A,1551.416,
Switzerland,CH,CHE,756,47,8,2019,Switzerland,72.5,AVWAGE,TOT,USD,A,71189,,HRWKD,TOT,HR_WKD,A,1549.435,
Switzerland,CH,CHE,756,47,8,2020,Switzerland,72.7,AVWAGE,TOT,USD,A,69728,,HRWKD,TOT,HR_WKD,A,1498.5,
Switzerland,CH,CHE,756,47,8,2021,Switzerland,72.9,AVWAGE,TOT,USD,A,72358.44,,HRWKD,TOT,HR_WKD,A,1533.304,
Turkey,TR,TUR,792,39,35,2007,Turkiye,66.42,AVWAGE,TOT,USD,A,22169.65,,HRWKD,TOT,HR_WKD,A,1911,
Turkey,TR,TUR,792,39,35,2008,Turkiye,66.58,AVWAGE,TOT,USD,A,22042,,HRWKD,TOT,HR_WKD,A,1900,
Turkey,TR,TUR,792,39,35,2009,Turkiye,66.74,AVWAGE,TOT,USD,A,22292,,HRWKD,TOT,HR_WKD,A,1881,
Turkey,TR,TUR,792,39,35,2010,Turkiye,66.9,AVWAGE,TOT,USD,A,22847,,HRWKD,TOT,HR_WKD,A,1877,
Turkey,TR,TUR,792,39,35,2011,Turkiye,67.06,AVWAGE,TOT,USD,A,23216,,HRWKD,TOT,HR_WKD,A,1864,
Turkey,TR,TUR,792,39,35,2012,Turkiye,67.22,AVWAGE,TOT,USD,A,24153,,HRWKD,TOT,HR_WKD,A,1855,
Turkey,TR,TUR,792,39,35,2013,Turkiye,67.38,AVWAGE,TOT,USD,A,25265,,HRWKD,TOT,HR_WKD,A,1832,
Turkey,TR,TUR,792,39,35,2014,Turkey,67.54,AVWAGE,TOT,USD,A,26126.55,,HRWKD,TOT,HR_WKD,A,1829.543,
Turkey,TR,TUR,792,39,35,2015,Turkiye,67.7,AVWAGE,TOT,USD,A,26785.68,,HRWKD,TOT,HR_WKD,A,1810.707,
Turkey,TR,TUR,792,39,35,2016,Turkiye,67.875,AVWAGE,TOT,USD,A,30081.3,,HRWKD,TOT,HR_WKD,A,1789.414,
Turkey,TR,TUR,792,39,35,2017,Turkiye,68.05,AVWAGE,TOT,USD,A,29515.32,,HRWKD,TOT,HR_WKD,A,1775.492,
Turkey,TR,TUR,792,39,35,2018,Turkiye,68.225,AVWAGE,TOT,USD,A,30040.53,,HRWKD,TOT,HR_WKD,A,1745.191,
Turkey,TR,TUR,792,39,35,2019,Turkiye,68.4,AVWAGE,TOT,USD,A,31927,,HRWKD,TOT,HR_WKD,A,1732.088,
Turkey,TR,TUR,792,39,35,2020,Turkiye,68.575,AVWAGE,TOT,USD,A,31761.46,,HRWKD,TOT,HR_WKD,A,1572.392,
United Kingdom,GB,GBR,826,54,-2,2005,United Kingdom,69.1,AVWAGE,TOT,USD,A,50067.25,,HRWKD,TOT,HR_WKD,A,1544.036,
United Kingdom,GB,GBR,826,54,-2,2007,United Kingdom,69.22,AVWAGE,TOT,USD,A,53926,,HRWKD,TOT,HR_WKD,A,1541.169,
United Kingdom,GB,GBR,826,54,-2,2008,United Kingdom,69.28,AVWAGE,TOT,USD,A,52475,,HRWKD,TOT,HR_WKD,A,1524.921,
United Kingdom,GB,GBR,826,54,-2,2009,United Kingdom,69.34,AVWAGE,TOT,USD,A,52346,,HRWKD,TOT,HR_WKD,A,1516.319,
United Kingdom,GB,GBR,826,54,-2,2010,United Kingdom,69.4,AVWAGE,TOT,USD,A,52455,,HRWKD,TOT,HR_WKD,A,1507.239,
United Kingdom,GB,GBR,826,54,-2,2011,United Kingdom,69.46,AVWAGE,TOT,USD,A,51497,,HRWKD,TOT,HR_WKD,A,1515.363,
United Kingdom,GB,GBR,826,54,-2,2012,United Kingdom,69.52,AVWAGE,TOT,USD,A,51070,,HRWKD,TOT,HR_WKD,A,1531.054,
United Kingdom,GB,GBR,826,54,-2,2013,United Kingdom,69.58,AVWAGE,TOT,USD,A,51594,,HRWKD,TOT,HR_WKD,A,1533.518,
United Kingdom,GB,GBR,826,54,-2,2014,United Kingdom,69.64,AVWAGE,TOT,USD,A,51816,,HRWKD,TOT,HR_WKD,A,1542.219,
United Kingdom,GB,GBR,826,54,-2,2015,United Kingdom,69.7,AVWAGE,TOT,USD,A,52549,,HRWKD,TOT,HR_WKD,A,1525.127,
United Kingdom,GB,GBR,826,54,-2,2016,United Kingdom,69.8,AVWAGE,TOT,USD,A,53156,,HRWKD,TOT,HR_WKD,A,1541.275,
United Kingdom,GB,GBR,826,54,-2,2017,United Kingdom,69.9,AVWAGE,TOT,USD,A,53471,,HRWKD,TOT,HR_WKD,A,1535.68,
United Kingdom,GB,GBR,826,54,-2,2018,United Kingdom,70,AVWAGE,TOT,USD,A,53950,,HRWKD,TOT,HR_WKD,A,1536.176,
United Kingdom,GB,GBR,826,54,-2,2019,United Kingdom,70.1,AVWAGE,TOT,USD,A,54703,,HRWKD,TOT,HR_WKD,A,1537.043,
United Kingdom,GB,GBR,826,54,-2,2020,United Kingdom,70.2,AVWAGE,TOT,USD,A,53612,,HRWKD,TOT,HR_WKD,A,1363.767,
United Kingdom,GB,GBR,826,54,-2,2021,United Kingdom,70.3,AVWAGE,TOT,USD,A,54762.3,,HRWKD,TOT,HR_WKD,A,1497.375,
United States,US,USA,840,38,-97,2006,United States,66.78,AVWAGE,TOT,USD,A,64945,,HRWKD,TOT,HR_WKD,A,1796.333,
United States,US,USA,840,38,-97,2007,United States,66.76,AVWAGE,TOT,USD,A,66174,,HRWKD,TOT,HR_WKD,A,1795.487,
United States,US,USA,840,38,-97,2008,United States,66.74,AVWAGE,TOT,USD,A,66011,,HRWKD,TOT,HR_WKD,A,1786.234,
United States,US,USA,840,38,-97,2009,United States,66.72,AVWAGE,TOT,USD,A,66673,,HRWKD,TOT,HR_WKD,A,1760.909,
United States,US,USA,840,38,-97,2010,United States,66.7,AVWAGE,TOT,USD,A,67263,,HRWKD,TOT,HR_WKD,A,1771.556,
United States,US,USA,840,38,-97,2011,United States,66.68,AVWAGE,TOT,USD,A,67353,,HRWKD,TOT,HR_WKD,A,1778.338,
United States,US,USA,840,38,-97,2012,United States,66.66,AVWAGE,TOT,USD,A,67928,,HRWKD,TOT,HR_WKD,A,1781.968,
United States,US,USA,840,38,-97,2013,United States,66.64,AVWAGE,TOT,USD,A,67604,,HRWKD,TOT,HR_WKD,A,1780.353,
United States,US,USA,840,38,-97,2014,United States,66.62,AVWAGE,TOT,USD,A,68591,,HRWKD,TOT,HR_WKD,A,1781.968,
United States,US,USA,840,38,-97,2015,United States,66.6,AVWAGE,TOT,USD,A,70320,,HRWKD,TOT,HR_WKD,A,1783.017,
United States,US,USA,840,38,-97,2016,United States,66.475,AVWAGE,TOT,USD,A,70446,,HRWKD,TOT,HR_WKD,A,1778.418,
United States,US,USA,840,38,-97,2017,United States,66.35,AVWAGE,TOT,USD,A,71157,,HRWKD,TOT,HR_WKD,A,1777.571,
United States,US,USA,840,38,-97,2018,United States,66.225,AVWAGE,TOT,USD,A,71937,,HRWKD,TOT,HR_WKD,A,1781.567,
United States,US,USA,840,38,-97,2019,United States,66.1,AVWAGE,TOT,USD,A,73194,,HRWKD,TOT,HR_WKD,A,1777.241,
United States,US,USA,840,38,-97,2020,United States,65.975,AVWAGE,TOT,USD,A,77567,,HRWKD,TOT,HR_WKD,A,1767.095,
United States,US,USA,840,38,-97,2021,United States,65.85,AVWAGE,TOT,USD,A,78894.28,,HRWKD,TOT,HR_WKD,A,1791,
