ISO3,INDICATOR,SUBJECT,MEASURE,FREQUENCY,year,time,Flag Codes
AUS,HRWKD,TOT,HR_WKD,A,1985,1876,
AUS,HRWKD,TOT,HR_WKD,A,1986,1877,
AUS,HRWKD,TOT,HR_WKD,A,1987,1889,
AUS,HRWKD,TOT,HR_WKD,A,1988,1885,
AUS,HRWKD,TOT,HR_WKD,A,1989,1875,
AUS,HRWKD,TOT,HR_WKD,A,1990,1853,
AUS,HRWKD,TOT,HR_WKD,A,1991,1854.038,
AUS,HRWKD,TOT,HR_WKD,A,1992,1845.604,
AUS,HRWKD,TOT,HR_WKD,A,1993,1855.744,
AUS,HRWKD,TOT,HR_WKD,A,1994,1874.227,
AUS,HRWKD,TOT,HR_WKD,A,1995,1870.308,
AUS,HRWKD,TOT,HR_WKD,A,1996,1861.517,
AUS,HRWKD,TOT,HR_WKD,A,1997,1860.848,
AUS,HRWKD,TOT,HR_WKD,A,1998,1849.882,
AUS,HRWKD,TOT,HR_WKD,A,1999,1856.08,
AUS,HRWKD,TOT,HR_WKD,A,2000,1852.162,
AUS,HRWKD,TOT,HR_WKD,A,2001,1828.685,
AUS,HRWKD,TOT,HR_WKD,A,2002,1817.956,
AUS,HRWKD,TOT,HR_WKD,A,2003,1806.503,
AUS,HRWKD,TOT,HR_WKD,A,2004,1811.396,
AUS,HRWKD,TOT,HR_WKD,A,2005,1807.904,
AUS,HRWKD,TOT,HR_WKD,A,2006,1802.431,
AUS,HRWKD,TOT,HR_WKD,A,2007,1803.099,
AUS,HRWKD,TOT,HR_WKD,A,2008,1799.053,
AUS,HRWKD,TOT,HR_WKD,A,2009,1766.654,
AUS,HRWKD,TOT,HR_WKD,A,2010,1777.571,
AUS,HRWKD,TOT,HR_WKD,A,2011,1773.895,
AUS,HRWKD,TOT,HR_WKD,A,2012,1770.775,
AUS,HRWKD,TOT,HR_WKD,A,2013,1766,
AUS,HRWKD,TOT,HR_WKD,A,2014,1755.133,
AUS,HRWKD,TOT,HR_WKD,A,2015,1751.305,
AUS,HRWKD,TOT,HR_WKD,A,2016,1738.715,
AUS,HRWKD,TOT,HR_WKD,A,2017,1738.494,
AUS,HRWKD,TOT,HR_WKD,A,2018,1732.539,
AUS,HRWKD,TOT,HR_WKD,A,2019,1722.313,
AUS,HRWKD,TOT,HR_WKD,A,2020,1683.112,
AUS,HRWKD,TOT,HR_WKD,A,2021,1694.129,
AUT,HRWKD,TOT,HR_WKD,A,1995,1653,
AUT,HRWKD,TOT,HR_WKD,A,1996,1683,
AUT,HRWKD,TOT,HR_WKD,A,1997,1691,
AUT,HRWKD,TOT,HR_WKD,A,1998,1671,
AUT,HRWKD,TOT,HR_WKD,A,1999,1675,
AUT,HRWKD,TOT,HR_WKD,A,2000,1675,
AUT,HRWKD,TOT,HR_WKD,A,2001,1663,
AUT,HRWKD,TOT,HR_WKD,A,2002,1661,
AUT,HRWKD,TOT,HR_WKD,A,2003,1652,
AUT,HRWKD,TOT,HR_WKD,A,2004,1655,
AUT,HRWKD,TOT,HR_WKD,A,2005,1632,
AUT,HRWKD,TOT,HR_WKD,A,2006,1617,
AUT,HRWKD,TOT,HR_WKD,A,2007,1606,
AUT,HRWKD,TOT,HR_WKD,A,2008,1599,
AUT,HRWKD,TOT,HR_WKD,A,2009,1558,
AUT,HRWKD,TOT,HR_WKD,A,2010,1552,
AUT,HRWKD,TOT,HR_WKD,A,2011,1557,
AUT,HRWKD,TOT,HR_WKD,A,2012,1535,
AUT,HRWKD,TOT,HR_WKD,A,2013,1520,
AUT,HRWKD,TOT,HR_WKD,A,2014,1510,
AUT,HRWKD,TOT,HR_WKD,A,2015,1495,
AUT,HRWKD,TOT,HR_WKD,A,2016,1507,
AUT,HRWKD,TOT,HR_WKD,A,2017,1498,
AUT,HRWKD,TOT,HR_WKD,A,2018,1502,
AUT,HRWKD,TOT,HR_WKD,A,2019,1508.643,
AUT,HRWKD,TOT,HR_WKD,A,2020,1400.694,
AUT,HRWKD,TOT,HR_WKD,A,2021,1442.454,
BEL,HRWKD,TOT,HR_WKD,A,1970,1883.2,
BEL,HRWKD,TOT,HR_WKD,A,1971,1873.4,
BEL,HRWKD,TOT,HR_WKD,A,1972,1847.5,
BEL,HRWKD,TOT,HR_WKD,A,1973,1820.1,
BEL,HRWKD,TOT,HR_WKD,A,1974,1791.9,
BEL,HRWKD,TOT,HR_WKD,A,1975,1782.7,
BEL,HRWKD,TOT,HR_WKD,A,1976,1785.5,
BEL,HRWKD,TOT,HR_WKD,A,1977,1759.8,
BEL,HRWKD,TOT,HR_WKD,A,1978,1743,
BEL,HRWKD,TOT,HR_WKD,A,1979,1726.6,
BEL,HRWKD,TOT,HR_WKD,A,1980,1706.5,
BEL,HRWKD,TOT,HR_WKD,A,1981,1683.4,
BEL,HRWKD,TOT,HR_WKD,A,1982,1669,
BEL,HRWKD,TOT,HR_WKD,A,1983,1674.9,
BEL,HRWKD,TOT,HR_WKD,A,1984,1699,
BEL,HRWKD,TOT,HR_WKD,A,1985,1705,
BEL,HRWKD,TOT,HR_WKD,A,1986,1685,
BEL,HRWKD,TOT,HR_WKD,A,1987,1669.9,
BEL,HRWKD,TOT,HR_WKD,A,1988,1657.9,
BEL,HRWKD,TOT,HR_WKD,A,1989,1648.9,
BEL,HRWKD,TOT,HR_WKD,A,1990,1662.9,
BEL,HRWKD,TOT,HR_WKD,A,1991,1625.8,
BEL,HRWKD,TOT,HR_WKD,A,1992,1602.7,
BEL,HRWKD,TOT,HR_WKD,A,1993,1558.6,
BEL,HRWKD,TOT,HR_WKD,A,1994,1558.6,
BEL,HRWKD,TOT,HR_WKD,A,1995,1578,
BEL,HRWKD,TOT,HR_WKD,A,1996,1575,
BEL,HRWKD,TOT,HR_WKD,A,1997,1582,
BEL,HRWKD,TOT,HR_WKD,A,1998,1574,
BEL,HRWKD,TOT,HR_WKD,A,1999,1575,
BEL,HRWKD,TOT,HR_WKD,A,2000,1589,
BEL,HRWKD,TOT,HR_WKD,A,2001,1581,
BEL,HRWKD,TOT,HR_WKD,A,2002,1594,
BEL,HRWKD,TOT,HR_WKD,A,2003,1598,
BEL,HRWKD,TOT,HR_WKD,A,2004,1588,
BEL,HRWKD,TOT,HR_WKD,A,2005,1578,
BEL,HRWKD,TOT,HR_WKD,A,2006,1592,
BEL,HRWKD,TOT,HR_WKD,A,2007,1594,
BEL,HRWKD,TOT,HR_WKD,A,2008,1582,
BEL,HRWKD,TOT,HR_WKD,A,2009,1563,
BEL,HRWKD,TOT,HR_WKD,A,2010,1574,
BEL,HRWKD,TOT,HR_WKD,A,2011,1590,
BEL,HRWKD,TOT,HR_WKD,A,2012,1587,
BEL,HRWKD,TOT,HR_WKD,A,2013,1586,
BEL,HRWKD,TOT,HR_WKD,A,2014,1582,
BEL,HRWKD,TOT,HR_WKD,A,2015,1575,
BEL,HRWKD,TOT,HR_WKD,A,2016,1574,
BEL,HRWKD,TOT,HR_WKD,A,2017,1578.014,
BEL,HRWKD,TOT,HR_WKD,A,2018,1580,
BEL,HRWKD,TOT,HR_WKD,A,2019,1577,
BEL,HRWKD,TOT,HR_WKD,A,2020,1443,
BEL,HRWKD,TOT,HR_WKD,A,2021,1493.126,
CAN,HRWKD,TOT,HR_WKD,A,1961,2059,
CAN,HRWKD,TOT,HR_WKD,A,1962,2058,
CAN,HRWKD,TOT,HR_WKD,A,1963,2041,
CAN,HRWKD,TOT,HR_WKD,A,1964,2033,
CAN,HRWKD,TOT,HR_WKD,A,1965,2016,
CAN,HRWKD,TOT,HR_WKD,A,1966,2001,
CAN,HRWKD,TOT,HR_WKD,A,1967,1993,
CAN,HRWKD,TOT,HR_WKD,A,1968,1958,
CAN,HRWKD,TOT,HR_WKD,A,1969,1943,
CAN,HRWKD,TOT,HR_WKD,A,1970,1925,
CAN,HRWKD,TOT,HR_WKD,A,1971,1912,
CAN,HRWKD,TOT,HR_WKD,A,1972,1904,
CAN,HRWKD,TOT,HR_WKD,A,1973,1898,
CAN,HRWKD,TOT,HR_WKD,A,1974,1891,
CAN,HRWKD,TOT,HR_WKD,A,1975,1872,
CAN,HRWKD,TOT,HR_WKD,A,1976,1862,
CAN,HRWKD,TOT,HR_WKD,A,1977,1834,
CAN,HRWKD,TOT,HR_WKD,A,1978,1836,
CAN,HRWKD,TOT,HR_WKD,A,1979,1841,
CAN,HRWKD,TOT,HR_WKD,A,1980,1827,
CAN,HRWKD,TOT,HR_WKD,A,1981,1812,
CAN,HRWKD,TOT,HR_WKD,A,1982,1789,
CAN,HRWKD,TOT,HR_WKD,A,1983,1779,
CAN,HRWKD,TOT,HR_WKD,A,1984,1789,
CAN,HRWKD,TOT,HR_WKD,A,1985,1795,
CAN,HRWKD,TOT,HR_WKD,A,1986,1797,
CAN,HRWKD,TOT,HR_WKD,A,1987,1807,
CAN,HRWKD,TOT,HR_WKD,A,1988,1808,
CAN,HRWKD,TOT,HR_WKD,A,1989,1802,
CAN,HRWKD,TOT,HR_WKD,A,1990,1797,
CAN,HRWKD,TOT,HR_WKD,A,1991,1775,
CAN,HRWKD,TOT,HR_WKD,A,1992,1772,
CAN,HRWKD,TOT,HR_WKD,A,1993,1769,
CAN,HRWKD,TOT,HR_WKD,A,1994,1778,
CAN,HRWKD,TOT,HR_WKD,A,1995,1775,
CAN,HRWKD,TOT,HR_WKD,A,1996,1790,
CAN,HRWKD,TOT,HR_WKD,A,1997,1798,
CAN,HRWKD,TOT,HR_WKD,A,1998,1794,
CAN,HRWKD,TOT,HR_WKD,A,1999,1793,
CAN,HRWKD,TOT,HR_WKD,A,2000,1787,
CAN,HRWKD,TOT,HR_WKD,A,2001,1774,
CAN,HRWKD,TOT,HR_WKD,A,2002,1755,
CAN,HRWKD,TOT,HR_WKD,A,2003,1745,
CAN,HRWKD,TOT,HR_WKD,A,2004,1755,
CAN,HRWKD,TOT,HR_WKD,A,2005,1745,
CAN,HRWKD,TOT,HR_WKD,A,2006,1744,
CAN,HRWKD,TOT,HR_WKD,A,2007,1744,
CAN,HRWKD,TOT,HR_WKD,A,2008,1741,
CAN,HRWKD,TOT,HR_WKD,A,2009,1712,
CAN,HRWKD,TOT,HR_WKD,A,2010,1715,
CAN,HRWKD,TOT,HR_WKD,A,2011,1713,
CAN,HRWKD,TOT,HR_WKD,A,2012,1722,
CAN,HRWKD,TOT,HR_WKD,A,2013,1716,
CAN,HRWKD,TOT,HR_WKD,A,2014,1710,
CAN,HRWKD,TOT,HR_WKD,A,2015,1712,
CAN,HRWKD,TOT,HR_WKD,A,2016,1706,
CAN,HRWKD,TOT,HR_WKD,A,2017,1695,
CAN,HRWKD,TOT,HR_WKD,A,2018,1708,
CAN,HRWKD,TOT,HR_WKD,A,2019,1690,
CAN,HRWKD,TOT,HR_WKD,A,2020,1644,
CAN,HRWKD,TOT,HR_WKD,A,2021,1685,
CZE,HRWKD,TOT,HR_WKD,A,1993,1857,
CZE,HRWKD,TOT,HR_WKD,A,1994,1839,
CZE,HRWKD,TOT,HR_WKD,A,1995,1831.674,
CZE,HRWKD,TOT,HR_WKD,A,1996,1829.378,
CZE,HRWKD,TOT,HR_WKD,A,1997,1837.919,
CZE,HRWKD,TOT,HR_WKD,A,1998,1860.877,
CZE,HRWKD,TOT,HR_WKD,A,1999,1890.601,
CZE,HRWKD,TOT,HR_WKD,A,2000,1900.26,
CZE,HRWKD,TOT,HR_WKD,A,2001,1823.323,
CZE,HRWKD,TOT,HR_WKD,A,2002,1812.215,
CZE,HRWKD,TOT,HR_WKD,A,2003,1799.048,
CZE,HRWKD,TOT,HR_WKD,A,2004,1813.656,
CZE,HRWKD,TOT,HR_WKD,A,2005,1802.926,
CZE,HRWKD,TOT,HR_WKD,A,2006,1789.229,
CZE,HRWKD,TOT,HR_WKD,A,2007,1775.017,
CZE,HRWKD,TOT,HR_WKD,A,2008,1789.614,
CZE,HRWKD,TOT,HR_WKD,A,2009,1778.801,
CZE,HRWKD,TOT,HR_WKD,A,2010,1799.1,
CZE,HRWKD,TOT,HR_WKD,A,2011,1805.473,
CZE,HRWKD,TOT,HR_WKD,A,2012,1776.448,
CZE,HRWKD,TOT,HR_WKD,A,2013,1764.302,
CZE,HRWKD,TOT,HR_WKD,A,2014,1773.812,
CZE,HRWKD,TOT,HR_WKD,A,2015,1751.474,
CZE,HRWKD,TOT,HR_WKD,A,2016,1774.046,
CZE,HRWKD,TOT,HR_WKD,A,2017,1776.448,
CZE,HRWKD,TOT,HR_WKD,A,2018,1784.666,
CZE,HRWKD,TOT,HR_WKD,A,2019,1786.033,
CZE,HRWKD,TOT,HR_WKD,A,2020,1703.597,
CZE,HRWKD,TOT,HR_WKD,A,2021,1752.821,
DNK,HRWKD,TOT,HR_WKD,A,1970,1845,
DNK,HRWKD,TOT,HR_WKD,A,1971,1810,
DNK,HRWKD,TOT,HR_WKD,A,1972,1752,
DNK,HRWKD,TOT,HR_WKD,A,1973,1710,
DNK,HRWKD,TOT,HR_WKD,A,1974,1691,
DNK,HRWKD,TOT,HR_WKD,A,1975,1617,
DNK,HRWKD,TOT,HR_WKD,A,1976,1624,
DNK,HRWKD,TOT,HR_WKD,A,1977,1598,
DNK,HRWKD,TOT,HR_WKD,A,1978,1575,
DNK,HRWKD,TOT,HR_WKD,A,1979,1564,
DNK,HRWKD,TOT,HR_WKD,A,1980,1577,
DNK,HRWKD,TOT,HR_WKD,A,1981,1546,
DNK,HRWKD,TOT,HR_WKD,A,1982,1553,
DNK,HRWKD,TOT,HR_WKD,A,1983,1546,
DNK,HRWKD,TOT,HR_WKD,A,1984,1541,
DNK,HRWKD,TOT,HR_WKD,A,1985,1527,
DNK,HRWKD,TOT,HR_WKD,A,1986,1531,
DNK,HRWKD,TOT,HR_WKD,A,1987,1493,
DNK,HRWKD,TOT,HR_WKD,A,1988,1471,
DNK,HRWKD,TOT,HR_WKD,A,1989,1455,
DNK,HRWKD,TOT,HR_WKD,A,1990,1440.502,
DNK,HRWKD,TOT,HR_WKD,A,1991,1437.314,
DNK,HRWKD,TOT,HR_WKD,A,1992,1452.365,
DNK,HRWKD,TOT,HR_WKD,A,1993,1448.921,
DNK,HRWKD,TOT,HR_WKD,A,1994,1406.661,
DNK,HRWKD,TOT,HR_WKD,A,1995,1419.145,
DNK,HRWKD,TOT,HR_WKD,A,1996,1412.265,
DNK,HRWKD,TOT,HR_WKD,A,1997,1428.092,
DNK,HRWKD,TOT,HR_WKD,A,1998,1441.133,
DNK,HRWKD,TOT,HR_WKD,A,1999,1456.498,
DNK,HRWKD,TOT,HR_WKD,A,2000,1465.938,
DNK,HRWKD,TOT,HR_WKD,A,2001,1468.676,
DNK,HRWKD,TOT,HR_WKD,A,2002,1462.585,
DNK,HRWKD,TOT,HR_WKD,A,2003,1457.827,
DNK,HRWKD,TOT,HR_WKD,A,2004,1458.074,
DNK,HRWKD,TOT,HR_WKD,A,2005,1451.362,
DNK,HRWKD,TOT,HR_WKD,A,2006,1455.703,
DNK,HRWKD,TOT,HR_WKD,A,2007,1432.77,
DNK,HRWKD,TOT,HR_WKD,A,2008,1430.055,
DNK,HRWKD,TOT,HR_WKD,A,2009,1417.03,
DNK,HRWKD,TOT,HR_WKD,A,2010,1422.308,
DNK,HRWKD,TOT,HR_WKD,A,2011,1436.981,
DNK,HRWKD,TOT,HR_WKD,A,2012,1423.346,
DNK,HRWKD,TOT,HR_WKD,A,2013,1425.634,
DNK,HRWKD,TOT,HR_WKD,A,2014,1413.807,
DNK,HRWKD,TOT,HR_WKD,A,2015,1407.149,
DNK,HRWKD,TOT,HR_WKD,A,2016,1412.045,
DNK,HRWKD,TOT,HR_WKD,A,2017,1404.204,
DNK,HRWKD,TOT,HR_WKD,A,2018,1381.289,
DNK,HRWKD,TOT,HR_WKD,A,2019,1371.499,
DNK,HRWKD,TOT,HR_WKD,A,2020,1342.327,
DNK,HRWKD,TOT,HR_WKD,A,2021,1363.431,
FIN,HRWKD,TOT,HR_WKD,A,1960,1967,
FIN,HRWKD,TOT,HR_WKD,A,1961,1966,
FIN,HRWKD,TOT,HR_WKD,A,1962,1959,
FIN,HRWKD,TOT,HR_WKD,A,1963,1956,
FIN,HRWKD,TOT,HR_WKD,A,1964,1980,
FIN,HRWKD,TOT,HR_WKD,A,1965,1980,
FIN,HRWKD,TOT,HR_WKD,A,1966,1957,
FIN,HRWKD,TOT,HR_WKD,A,1967,1940,
FIN,HRWKD,TOT,HR_WKD,A,1968,1925,
FIN,HRWKD,TOT,HR_WKD,A,1969,1907,
FIN,HRWKD,TOT,HR_WKD,A,1970,1918,
FIN,HRWKD,TOT,HR_WKD,A,1971,1884,
FIN,HRWKD,TOT,HR_WKD,A,1972,1869,
FIN,HRWKD,TOT,HR_WKD,A,1973,1853,
FIN,HRWKD,TOT,HR_WKD,A,1974,1848,
FIN,HRWKD,TOT,HR_WKD,A,1975,1779,
FIN,HRWKD,TOT,HR_WKD,A,1976,1776,
FIN,HRWKD,TOT,HR_WKD,A,1977,1769,
FIN,HRWKD,TOT,HR_WKD,A,1978,1774,
FIN,HRWKD,TOT,HR_WKD,A,1979,1751,
FIN,HRWKD,TOT,HR_WKD,A,1980,1732,
FIN,HRWKD,TOT,HR_WKD,A,1981,1726,
FIN,HRWKD,TOT,HR_WKD,A,1982,1719,
FIN,HRWKD,TOT,HR_WKD,A,1983,1709,
FIN,HRWKD,TOT,HR_WKD,A,1984,1705,
FIN,HRWKD,TOT,HR_WKD,A,1985,1699,
FIN,HRWKD,TOT,HR_WKD,A,1986,1683,
FIN,HRWKD,TOT,HR_WKD,A,1987,1690,
FIN,HRWKD,TOT,HR_WKD,A,1988,1694,
FIN,HRWKD,TOT,HR_WKD,A,1989,1694,
FIN,HRWKD,TOT,HR_WKD,A,1990,1671,
FIN,HRWKD,TOT,HR_WKD,A,1991,1652,
FIN,HRWKD,TOT,HR_WKD,A,1992,1652,
FIN,HRWKD,TOT,HR_WKD,A,1993,1651,
FIN,HRWKD,TOT,HR_WKD,A,1994,1671,
FIN,HRWKD,TOT,HR_WKD,A,1995,1677,
FIN,HRWKD,TOT,HR_WKD,A,1996,1675,
FIN,HRWKD,TOT,HR_WKD,A,1997,1671,
FIN,HRWKD,TOT,HR_WKD,A,1998,1661,
FIN,HRWKD,TOT,HR_WKD,A,1999,1660.986,
FIN,HRWKD,TOT,HR_WKD,A,2000,1650,
FIN,HRWKD,TOT,HR_WKD,A,2001,1636,
FIN,HRWKD,TOT,HR_WKD,A,2002,1628,
FIN,HRWKD,TOT,HR_WKD,A,2003,1623,
FIN,HRWKD,TOT,HR_WKD,A,2004,1624,
FIN,HRWKD,TOT,HR_WKD,A,2005,1613,
FIN,HRWKD,TOT,HR_WKD,A,2006,1608,
FIN,HRWKD,TOT,HR_WKD,A,2007,1605,
FIN,HRWKD,TOT,HR_WKD,A,2008,1601,
FIN,HRWKD,TOT,HR_WKD,A,2009,1580,
FIN,HRWKD,TOT,HR_WKD,A,2010,1585,
FIN,HRWKD,TOT,HR_WKD,A,2011,1578,
FIN,HRWKD,TOT,HR_WKD,A,2012,1568,
FIN,HRWKD,TOT,HR_WKD,A,2013,1560,
FIN,HRWKD,TOT,HR_WKD,A,2014,1558,
FIN,HRWKD,TOT,HR_WKD,A,2015,1555,
FIN,HRWKD,TOT,HR_WKD,A,2016,1555,
FIN,HRWKD,TOT,HR_WKD,A,2017,1548.88,
FIN,HRWKD,TOT,HR_WKD,A,2018,1546.373,
FIN,HRWKD,TOT,HR_WKD,A,2019,1538.371,
FIN,HRWKD,TOT,HR_WKD,A,2020,1528.79,
FIN,HRWKD,TOT,HR_WKD,A,2021,1518.267,
FRA,HRWKD,TOT,HR_WKD,A,1950,2351,
FRA,HRWKD,TOT,HR_WKD,A,1951,2360,
FRA,HRWKD,TOT,HR_WKD,A,1952,2339,
FRA,HRWKD,TOT,HR_WKD,A,1953,2313,
FRA,HRWKD,TOT,HR_WKD,A,1954,2316,
FRA,HRWKD,TOT,HR_WKD,A,1955,2292,
FRA,HRWKD,TOT,HR_WKD,A,1956,2236,
FRA,HRWKD,TOT,HR_WKD,A,1957,2200,
FRA,HRWKD,TOT,HR_WKD,A,1958,2179,
FRA,HRWKD,TOT,HR_WKD,A,1959,2179,
FRA,HRWKD,TOT,HR_WKD,A,1960,2188,
FRA,HRWKD,TOT,HR_WKD,A,1961,2165,
FRA,HRWKD,TOT,HR_WKD,A,1962,2178,
FRA,HRWKD,TOT,HR_WKD,A,1963,2159,
FRA,HRWKD,TOT,HR_WKD,A,1964,2166,
FRA,HRWKD,TOT,HR_WKD,A,1965,2153,
FRA,HRWKD,TOT,HR_WKD,A,1966,2145,
FRA,HRWKD,TOT,HR_WKD,A,1967,2110,
FRA,HRWKD,TOT,HR_WKD,A,1968,2087,
FRA,HRWKD,TOT,HR_WKD,A,1969,2012,
FRA,HRWKD,TOT,HR_WKD,A,1970,1993,
FRA,HRWKD,TOT,HR_WKD,A,1971,1990,
FRA,HRWKD,TOT,HR_WKD,A,1972,1937,
FRA,HRWKD,TOT,HR_WKD,A,1973,1920,
FRA,HRWKD,TOT,HR_WKD,A,1974,1888,
FRA,HRWKD,TOT,HR_WKD,A,1975,1863,
FRA,HRWKD,TOT,HR_WKD,A,1976,1889,
FRA,HRWKD,TOT,HR_WKD,A,1977,1850,
FRA,HRWKD,TOT,HR_WKD,A,1978,1819,
FRA,HRWKD,TOT,HR_WKD,A,1979,1816,
FRA,HRWKD,TOT,HR_WKD,A,1980,1806,
FRA,HRWKD,TOT,HR_WKD,A,1981,1786,
FRA,HRWKD,TOT,HR_WKD,A,1982,1714,
FRA,HRWKD,TOT,HR_WKD,A,1983,1696,
FRA,HRWKD,TOT,HR_WKD,A,1984,1690,
FRA,HRWKD,TOT,HR_WKD,A,1985,1654,
FRA,HRWKD,TOT,HR_WKD,A,1986,1648,
FRA,HRWKD,TOT,HR_WKD,A,1987,1659,
FRA,HRWKD,TOT,HR_WKD,A,1988,1667,
FRA,HRWKD,TOT,HR_WKD,A,1989,1651,
FRA,HRWKD,TOT,HR_WKD,A,1990,1645,
FRA,HRWKD,TOT,HR_WKD,A,1991,1638,
FRA,HRWKD,TOT,HR_WKD,A,1992,1635,
FRA,HRWKD,TOT,HR_WKD,A,1993,1627,
FRA,HRWKD,TOT,HR_WKD,A,1994,1623,
FRA,HRWKD,TOT,HR_WKD,A,1995,1601,
FRA,HRWKD,TOT,HR_WKD,A,1996,1597,
FRA,HRWKD,TOT,HR_WKD,A,1997,1596,
FRA,HRWKD,TOT,HR_WKD,A,1998,1585,
FRA,HRWKD,TOT,HR_WKD,A,1999,1578,
FRA,HRWKD,TOT,HR_WKD,A,2000,1558,
FRA,HRWKD,TOT,HR_WKD,A,2001,1538,
FRA,HRWKD,TOT,HR_WKD,A,2002,1504,
FRA,HRWKD,TOT,HR_WKD,A,2003,1507,
FRA,HRWKD,TOT,HR_WKD,A,2004,1531,
FRA,HRWKD,TOT,HR_WKD,A,2005,1532,
FRA,HRWKD,TOT,HR_WKD,A,2006,1515.011,
FRA,HRWKD,TOT,HR_WKD,A,2007,1537,
FRA,HRWKD,TOT,HR_WKD,A,2008,1543,
FRA,HRWKD,TOT,HR_WKD,A,2009,1531,
FRA,HRWKD,TOT,HR_WKD,A,2010,1540,
FRA,HRWKD,TOT,HR_WKD,A,2011,1546,
FRA,HRWKD,TOT,HR_WKD,A,2012,1541,
FRA,HRWKD,TOT,HR_WKD,A,2013,1526,
FRA,HRWKD,TOT,HR_WKD,A,2014,1518,
FRA,HRWKD,TOT,HR_WKD,A,2015,1519.484,
FRA,HRWKD,TOT,HR_WKD,A,2016,1522.069,
FRA,HRWKD,TOT,HR_WKD,A,2017,1507.605,
FRA,HRWKD,TOT,HR_WKD,A,2018,1514.41,
FRA,HRWKD,TOT,HR_WKD,A,2019,1518.157,
FRA,HRWKD,TOT,HR_WKD,A,2020,1407.258,
FRA,HRWKD,TOT,HR_WKD,A,2021,1490.332,
DEU,HRWKD,TOT,HR_WKD,A,1991,1554.1,
DEU,HRWKD,TOT,HR_WKD,A,1992,1565.105,
DEU,HRWKD,TOT,HR_WKD,A,1993,1540.2,
DEU,HRWKD,TOT,HR_WKD,A,1994,1536.6,
DEU,HRWKD,TOT,HR_WKD,A,1995,1530.6,
DEU,HRWKD,TOT,HR_WKD,A,1996,1516.8,
DEU,HRWKD,TOT,HR_WKD,A,1997,1507.7,
DEU,HRWKD,TOT,HR_WKD,A,1998,1504.5,
DEU,HRWKD,TOT,HR_WKD,A,1999,1491.5,
DEU,HRWKD,TOT,HR_WKD,A,2000,1465.9,
DEU,HRWKD,TOT,HR_WKD,A,2001,1458.2,
DEU,HRWKD,TOT,HR_WKD,A,2002,1448.9,
DEU,HRWKD,TOT,HR_WKD,A,2003,1443.4,
DEU,HRWKD,TOT,HR_WKD,A,2004,1442.6,
DEU,HRWKD,TOT,HR_WKD,A,2005,1432.4,
DEU,HRWKD,TOT,HR_WKD,A,2006,1453.2,
DEU,HRWKD,TOT,HR_WKD,A,2007,1454.099,
DEU,HRWKD,TOT,HR_WKD,A,2008,1447.3,
DEU,HRWKD,TOT,HR_WKD,A,2009,1405,
DEU,HRWKD,TOT,HR_WKD,A,2010,1425.7,
DEU,HRWKD,TOT,HR_WKD,A,2011,1426.901,
DEU,HRWKD,TOT,HR_WKD,A,2012,1407.988,
DEU,HRWKD,TOT,HR_WKD,A,2013,1396.5,
DEU,HRWKD,TOT,HR_WKD,A,2014,1400.413,
DEU,HRWKD,TOT,HR_WKD,A,2015,1401,
DEU,HRWKD,TOT,HR_WKD,A,2016,1395.597,
DEU,HRWKD,TOT,HR_WKD,A,2017,1389.1,
DEU,HRWKD,TOT,HR_WKD,A,2018,1384.7,
DEU,HRWKD,TOT,HR_WKD,A,2019,1381.5,
DEU,HRWKD,TOT,HR_WKD,A,2020,1324.2,
DEU,HRWKD,TOT,HR_WKD,A,2021,1349.3,
GRC,HRWKD,TOT,HR_WKD,A,1982,2072.195,
GRC,HRWKD,TOT,HR_WKD,A,1983,2072.195,
GRC,HRWKD,TOT,HR_WKD,A,1984,2002.995,
GRC,HRWKD,TOT,HR_WKD,A,1985,2020.058,
GRC,HRWKD,TOT,HR_WKD,A,1986,2008.683,
GRC,HRWKD,TOT,HR_WKD,A,1987,1967.921,
GRC,HRWKD,TOT,HR_WKD,A,1988,1956.546,
GRC,HRWKD,TOT,HR_WKD,A,1989,1997.307,
GRC,HRWKD,TOT,HR_WKD,A,1990,1975.505,
GRC,HRWKD,TOT,HR_WKD,A,1991,2004.891,
GRC,HRWKD,TOT,HR_WKD,A,1992,2031.433,
GRC,HRWKD,TOT,HR_WKD,A,1993,2051.34,
GRC,HRWKD,TOT,HR_WKD,A,1994,2018.162,
GRC,HRWKD,TOT,HR_WKD,A,1995,2000.821,
GRC,HRWKD,TOT,HR_WKD,A,1996,1999.584,
GRC,HRWKD,TOT,HR_WKD,A,1997,1998.202,
GRC,HRWKD,TOT,HR_WKD,A,1998,1998.667,
GRC,HRWKD,TOT,HR_WKD,A,1999,1995.27,
GRC,HRWKD,TOT,HR_WKD,A,2000,1997.915,
GRC,HRWKD,TOT,HR_WKD,A,2001,1991.743,
GRC,HRWKD,TOT,HR_WKD,A,2002,1984.241,
GRC,HRWKD,TOT,HR_WKD,A,2003,1982.594,
GRC,HRWKD,TOT,HR_WKD,A,2004,1974.131,
GRC,HRWKD,TOT,HR_WKD,A,2005,2025.024,
GRC,HRWKD,TOT,HR_WKD,A,2006,2014.691,
GRC,HRWKD,TOT,HR_WKD,A,2007,2001.089,
GRC,HRWKD,TOT,HR_WKD,A,2008,1996.605,
GRC,HRWKD,TOT,HR_WKD,A,2009,1972.86,
GRC,HRWKD,TOT,HR_WKD,A,2010,1931.08,
GRC,HRWKD,TOT,HR_WKD,A,2011,1950.221,
GRC,HRWKD,TOT,HR_WKD,A,2012,1989.931,
GRC,HRWKD,TOT,HR_WKD,A,2013,1996.606,
GRC,HRWKD,TOT,HR_WKD,A,2014,1949.334,
GRC,HRWKD,TOT,HR_WKD,A,2015,1934.987,
GRC,HRWKD,TOT,HR_WKD,A,2016,1942.727,
GRC,HRWKD,TOT,HR_WKD,A,2017,1946.941,
GRC,HRWKD,TOT,HR_WKD,A,2018,1961.081,
GRC,HRWKD,TOT,HR_WKD,A,2019,1916.66,
GRC,HRWKD,TOT,HR_WKD,A,2020,1730.738,
GRC,HRWKD,TOT,HR_WKD,A,2021,1872.237,
HUN,HRWKD,TOT,HR_WKD,A,1980,2348,
HUN,HRWKD,TOT,HR_WKD,A,1981,2347,
HUN,HRWKD,TOT,HR_WKD,A,1982,2248,
HUN,HRWKD,TOT,HR_WKD,A,1983,2226,
HUN,HRWKD,TOT,HR_WKD,A,1984,2149,
HUN,HRWKD,TOT,HR_WKD,A,1985,2120,
HUN,HRWKD,TOT,HR_WKD,A,1986,2111,
HUN,HRWKD,TOT,HR_WKD,A,1987,2158,
HUN,HRWKD,TOT,HR_WKD,A,1988,2151,
HUN,HRWKD,TOT,HR_WKD,A,1989,2125,
HUN,HRWKD,TOT,HR_WKD,A,1990,2082,
HUN,HRWKD,TOT,HR_WKD,A,1991,2048,
HUN,HRWKD,TOT,HR_WKD,A,1992,2002,
HUN,HRWKD,TOT,HR_WKD,A,1993,2002,
HUN,HRWKD,TOT,HR_WKD,A,1994,2142,
HUN,HRWKD,TOT,HR_WKD,A,1995,1948,
HUN,HRWKD,TOT,HR_WKD,A,1996,1946,
HUN,HRWKD,TOT,HR_WKD,A,1997,1954.3,
HUN,HRWKD,TOT,HR_WKD,A,1998,1945.1,
HUN,HRWKD,TOT,HR_WKD,A,1999,1952.4,
HUN,HRWKD,TOT,HR_WKD,A,2000,1932.4,
HUN,HRWKD,TOT,HR_WKD,A,2001,1897.8,
HUN,HRWKD,TOT,HR_WKD,A,2002,1883.6,
HUN,HRWKD,TOT,HR_WKD,A,2003,1856.3,
HUN,HRWKD,TOT,HR_WKD,A,2004,1858.6,
HUN,HRWKD,TOT,HR_WKD,A,2005,1834.1,
HUN,HRWKD,TOT,HR_WKD,A,2006,1813.9,
HUN,HRWKD,TOT,HR_WKD,A,2007,1787.8,
HUN,HRWKD,TOT,HR_WKD,A,2008,1791.2,
HUN,HRWKD,TOT,HR_WKD,A,2009,1758.2,
HUN,HRWKD,TOT,HR_WKD,A,2010,1766.4,
HUN,HRWKD,TOT,HR_WKD,A,2011,1753.7,
HUN,HRWKD,TOT,HR_WKD,A,2012,1738.3,
HUN,HRWKD,TOT,HR_WKD,A,2013,1733.6,
HUN,HRWKD,TOT,HR_WKD,A,2014,1748.6,
HUN,HRWKD,TOT,HR_WKD,A,2015,1745.9,
HUN,HRWKD,TOT,HR_WKD,A,2016,1760.2,
HUN,HRWKD,TOT,HR_WKD,A,2017,1747.4,
HUN,HRWKD,TOT,HR_WKD,A,2018,1729.9,
HUN,HRWKD,TOT,HR_WKD,A,2019,1722.2,
HUN,HRWKD,TOT,HR_WKD,A,2020,1657.1,
HUN,HRWKD,TOT,HR_WKD,A,2021,1697.1,
ISL,HRWKD,TOT,HR_WKD,A,1970,1954,
ISL,HRWKD,TOT,HR_WKD,A,1971,1916,
ISL,HRWKD,TOT,HR_WKD,A,1972,1883,
ISL,HRWKD,TOT,HR_WKD,A,1973,1866,
ISL,HRWKD,TOT,HR_WKD,A,1974,1841,
ISL,HRWKD,TOT,HR_WKD,A,1975,1817,
ISL,HRWKD,TOT,HR_WKD,A,1976,1790,
ISL,HRWKD,TOT,HR_WKD,A,1977,1748,
ISL,HRWKD,TOT,HR_WKD,A,1978,1710,
ISL,HRWKD,TOT,HR_WKD,A,1979,1697,
ISL,HRWKD,TOT,HR_WKD,A,1980,1688,
ISL,HRWKD,TOT,HR_WKD,A,1981,1681,
ISL,HRWKD,TOT,HR_WKD,A,1982,1684,
ISL,HRWKD,TOT,HR_WKD,A,1983,1684,
ISL,HRWKD,TOT,HR_WKD,A,1984,1682,
ISL,HRWKD,TOT,HR_WKD,A,1985,1681,
ISL,HRWKD,TOT,HR_WKD,A,1986,1674,
ISL,HRWKD,TOT,HR_WKD,A,1987,1672,
ISL,HRWKD,TOT,HR_WKD,A,1988,1679,
ISL,HRWKD,TOT,HR_WKD,A,1989,1675,
ISL,HRWKD,TOT,HR_WKD,A,1990,1665,
ISL,HRWKD,TOT,HR_WKD,A,1991,1668,
ISL,HRWKD,TOT,HR_WKD,A,1992,1668,
ISL,HRWKD,TOT,HR_WKD,A,1993,1683,
ISL,HRWKD,TOT,HR_WKD,A,1994,1655,
ISL,HRWKD,TOT,HR_WKD,A,1995,1641,
ISL,HRWKD,TOT,HR_WKD,A,1996,1659,
ISL,HRWKD,TOT,HR_WKD,A,1997,1684,
ISL,HRWKD,TOT,HR_WKD,A,1998,1665,
ISL,HRWKD,TOT,HR_WKD,A,1999,1645,
ISL,HRWKD,TOT,HR_WKD,A,2000,1696,
ISL,HRWKD,TOT,HR_WKD,A,2001,1707,
ISL,HRWKD,TOT,HR_WKD,A,2002,1672,
ISL,HRWKD,TOT,HR_WKD,A,2003,1639,
ISL,HRWKD,TOT,HR_WKD,A,2004,1645,
ISL,HRWKD,TOT,HR_WKD,A,2005,1637,
ISL,HRWKD,TOT,HR_WKD,A,2006,1627,
ISL,HRWKD,TOT,HR_WKD,A,2007,1605,
ISL,HRWKD,TOT,HR_WKD,A,2008,1625.204,
ISL,HRWKD,TOT,HR_WKD,A,2009,1536.385,
ISL,HRWKD,TOT,HR_WKD,A,2010,1527.852,
ISL,HRWKD,TOT,HR_WKD,A,2011,1537.681,
ISL,HRWKD,TOT,HR_WKD,A,2012,1523.065,
ISL,HRWKD,TOT,HR_WKD,A,2013,1524.133,
ISL,HRWKD,TOT,HR_WKD,A,2014,1513.436,
ISL,HRWKD,TOT,HR_WKD,A,2015,1511.402,
ISL,HRWKD,TOT,HR_WKD,A,2016,1519.995,
ISL,HRWKD,TOT,HR_WKD,A,2017,1507.077,
ISL,HRWKD,TOT,HR_WKD,A,2018,1496.456,
ISL,HRWKD,TOT,HR_WKD,A,2019,1480.148,
ISL,HRWKD,TOT,HR_WKD,A,2020,1446.24,
ISL,HRWKD,TOT,HR_WKD,A,2021,1433.41,
IRL,HRWKD,TOT,HR_WKD,A,1970,2335,
IRL,HRWKD,TOT,HR_WKD,A,1971,2318,
IRL,HRWKD,TOT,HR_WKD,A,1972,2297,
IRL,HRWKD,TOT,HR_WKD,A,1973,2285,
IRL,HRWKD,TOT,HR_WKD,A,1974,2248,
IRL,HRWKD,TOT,HR_WKD,A,1975,2239,
IRL,HRWKD,TOT,HR_WKD,A,1976,2233,
IRL,HRWKD,TOT,HR_WKD,A,1977,2203,
IRL,HRWKD,TOT,HR_WKD,A,1978,2184,
IRL,HRWKD,TOT,HR_WKD,A,1979,2162,
IRL,HRWKD,TOT,HR_WKD,A,1980,2123,
IRL,HRWKD,TOT,HR_WKD,A,1981,2091,
IRL,HRWKD,TOT,HR_WKD,A,1982,2084,
IRL,HRWKD,TOT,HR_WKD,A,1983,2074,
IRL,HRWKD,TOT,HR_WKD,A,1984,2056,
IRL,HRWKD,TOT,HR_WKD,A,1985,2063,
IRL,HRWKD,TOT,HR_WKD,A,1986,2097,
IRL,HRWKD,TOT,HR_WKD,A,1987,2077,
IRL,HRWKD,TOT,HR_WKD,A,1988,2085,
IRL,HRWKD,TOT,HR_WKD,A,1989,2092,
IRL,HRWKD,TOT,HR_WKD,A,1990,2081,
IRL,HRWKD,TOT,HR_WKD,A,1991,2046,
IRL,HRWKD,TOT,HR_WKD,A,1992,1998,
IRL,HRWKD,TOT,HR_WKD,A,1993,1971,
IRL,HRWKD,TOT,HR_WKD,A,1994,1971,
IRL,HRWKD,TOT,HR_WKD,A,1995,1963,
IRL,HRWKD,TOT,HR_WKD,A,1996,1954,
IRL,HRWKD,TOT,HR_WKD,A,1997,1954,
IRL,HRWKD,TOT,HR_WKD,A,1998,1953,
IRL,HRWKD,TOT,HR_WKD,A,1999,1942,
IRL,HRWKD,TOT,HR_WKD,A,2000,1933,
IRL,HRWKD,TOT,HR_WKD,A,2001,1924,
IRL,HRWKD,TOT,HR_WKD,A,2002,1904,
IRL,HRWKD,TOT,HR_WKD,A,2003,1887,
IRL,HRWKD,TOT,HR_WKD,A,2004,1875,
IRL,HRWKD,TOT,HR_WKD,A,2005,1883,
IRL,HRWKD,TOT,HR_WKD,A,2006,1879,
IRL,HRWKD,TOT,HR_WKD,A,2007,1865,
IRL,HRWKD,TOT,HR_WKD,A,2008,1844,
IRL,HRWKD,TOT,HR_WKD,A,2009,1812,
IRL,HRWKD,TOT,HR_WKD,A,2010,1721,
IRL,HRWKD,TOT,HR_WKD,A,2011,1737,
IRL,HRWKD,TOT,HR_WKD,A,2012,1738,
IRL,HRWKD,TOT,HR_WKD,A,2013,1743,
IRL,HRWKD,TOT,HR_WKD,A,2014,1757,
IRL,HRWKD,TOT,HR_WKD,A,2015,1771,
IRL,HRWKD,TOT,HR_WKD,A,2016,1763,
IRL,HRWKD,TOT,HR_WKD,A,2017,1775,
IRL,HRWKD,TOT,HR_WKD,A,2018,1782,
IRL,HRWKD,TOT,HR_WKD,A,2019,1771,
IRL,HRWKD,TOT,HR_WKD,A,2020,1746,
IRL,HRWKD,TOT,HR_WKD,A,2021,1775,
ITA,HRWKD,TOT,HR_WKD,A,1995,1856.213,
ITA,HRWKD,TOT,HR_WKD,A,1996,1866.2,
ITA,HRWKD,TOT,HR_WKD,A,1997,1859.9,
ITA,HRWKD,TOT,HR_WKD,A,1998,1873.1,
ITA,HRWKD,TOT,HR_WKD,A,1999,1869.9,
ITA,HRWKD,TOT,HR_WKD,A,2000,1850.198,
ITA,HRWKD,TOT,HR_WKD,A,2001,1837.6,
ITA,HRWKD,TOT,HR_WKD,A,2002,1826.19,
ITA,HRWKD,TOT,HR_WKD,A,2003,1815.104,
ITA,HRWKD,TOT,HR_WKD,A,2004,1814.616,
ITA,HRWKD,TOT,HR_WKD,A,2005,1811.102,
ITA,HRWKD,TOT,HR_WKD,A,2006,1811.9,
ITA,HRWKD,TOT,HR_WKD,A,2007,1817.707,
ITA,HRWKD,TOT,HR_WKD,A,2008,1806.5,
ITA,HRWKD,TOT,HR_WKD,A,2009,1775.2,
ITA,HRWKD,TOT,HR_WKD,A,2010,1776.8,
ITA,HRWKD,TOT,HR_WKD,A,2011,1772.6,
ITA,HRWKD,TOT,HR_WKD,A,2012,1733.6,
ITA,HRWKD,TOT,HR_WKD,A,2013,1719.09,
ITA,HRWKD,TOT,HR_WKD,A,2014,1716.3,
ITA,HRWKD,TOT,HR_WKD,A,2015,1717.5,
ITA,HRWKD,TOT,HR_WKD,A,2016,1721.698,
ITA,HRWKD,TOT,HR_WKD,A,2017,1719.2,
ITA,HRWKD,TOT,HR_WKD,A,2018,1719.4,
ITA,HRWKD,TOT,HR_WKD,A,2019,1710.2,
ITA,HRWKD,TOT,HR_WKD,A,2020,1553.6,
ITA,HRWKD,TOT,HR_WKD,A,2021,1668.5,
JPN,HRWKD,TOT,HR_WKD,A,1970,2243,
JPN,HRWKD,TOT,HR_WKD,A,1971,2239,
JPN,HRWKD,TOT,HR_WKD,A,1972,2228,
JPN,HRWKD,TOT,HR_WKD,A,1973,2201,
JPN,HRWKD,TOT,HR_WKD,A,1974,2137,
JPN,HRWKD,TOT,HR_WKD,A,1975,2112,
JPN,HRWKD,TOT,HR_WKD,A,1976,2128,
JPN,HRWKD,TOT,HR_WKD,A,1977,2129,
JPN,HRWKD,TOT,HR_WKD,A,1978,2123,
JPN,HRWKD,TOT,HR_WKD,A,1979,2126,
JPN,HRWKD,TOT,HR_WKD,A,1980,2121,
JPN,HRWKD,TOT,HR_WKD,A,1981,2106,
JPN,HRWKD,TOT,HR_WKD,A,1982,2104,
JPN,HRWKD,TOT,HR_WKD,A,1983,2095,
JPN,HRWKD,TOT,HR_WKD,A,1984,2108,
JPN,HRWKD,TOT,HR_WKD,A,1985,2093,
JPN,HRWKD,TOT,HR_WKD,A,1986,2097,
JPN,HRWKD,TOT,HR_WKD,A,1987,2096,
JPN,HRWKD,TOT,HR_WKD,A,1988,2092,
JPN,HRWKD,TOT,HR_WKD,A,1989,2070,
JPN,HRWKD,TOT,HR_WKD,A,1990,2031,
JPN,HRWKD,TOT,HR_WKD,A,1991,1998,
JPN,HRWKD,TOT,HR_WKD,A,1992,1965,
JPN,HRWKD,TOT,HR_WKD,A,1993,1905,
JPN,HRWKD,TOT,HR_WKD,A,1994,1898,
JPN,HRWKD,TOT,HR_WKD,A,1995,1883.672,
JPN,HRWKD,TOT,HR_WKD,A,1996,1892.174,
JPN,HRWKD,TOT,HR_WKD,A,1997,1864.695,
JPN,HRWKD,TOT,HR_WKD,A,1998,1841.918,
JPN,HRWKD,TOT,HR_WKD,A,1999,1810.413,
JPN,HRWKD,TOT,HR_WKD,A,2000,1821.266,
JPN,HRWKD,TOT,HR_WKD,A,2001,1808.568,
JPN,HRWKD,TOT,HR_WKD,A,2002,1798.364,
JPN,HRWKD,TOT,HR_WKD,A,2003,1798.616,
JPN,HRWKD,TOT,HR_WKD,A,2004,1785.428,
JPN,HRWKD,TOT,HR_WKD,A,2005,1776.512,
JPN,HRWKD,TOT,HR_WKD,A,2006,1785.562,
JPN,HRWKD,TOT,HR_WKD,A,2007,1784.75,
JPN,HRWKD,TOT,HR_WKD,A,2008,1771.352,
JPN,HRWKD,TOT,HR_WKD,A,2009,1713.518,
JPN,HRWKD,TOT,HR_WKD,A,2010,1732.911,
JPN,HRWKD,TOT,HR_WKD,A,2011,1728.186,
JPN,HRWKD,TOT,HR_WKD,A,2012,1745.088,
JPN,HRWKD,TOT,HR_WKD,A,2013,1733.594,
JPN,HRWKD,TOT,HR_WKD,A,2014,1729.33,
JPN,HRWKD,TOT,HR_WKD,A,2015,1719.294,
JPN,HRWKD,TOT,HR_WKD,A,2016,1713.544,
JPN,HRWKD,TOT,HR_WKD,A,2017,1708.58,
JPN,HRWKD,TOT,HR_WKD,A,2018,1680.167,
JPN,HRWKD,TOT,HR_WKD,A,2019,1643.819,
JPN,HRWKD,TOT,HR_WKD,A,2020,1597.981,
JPN,HRWKD,TOT,HR_WKD,A,2021,1607,
KOR,HRWKD,TOT,HR_WKD,A,2008,2228,
KOR,HRWKD,TOT,HR_WKD,A,2009,2174,
KOR,HRWKD,TOT,HR_WKD,A,2010,2163,
KOR,HRWKD,TOT,HR_WKD,A,2011,2136,
KOR,HRWKD,TOT,HR_WKD,A,2012,2119,
KOR,HRWKD,TOT,HR_WKD,A,2013,2106,
KOR,HRWKD,TOT,HR_WKD,A,2014,2076,
KOR,HRWKD,TOT,HR_WKD,A,2015,2083,
KOR,HRWKD,TOT,HR_WKD,A,2016,2068,
KOR,HRWKD,TOT,HR_WKD,A,2017,2018,
KOR,HRWKD,TOT,HR_WKD,A,2018,1993,
KOR,HRWKD,TOT,HR_WKD,A,2019,1967,
KOR,HRWKD,TOT,HR_WKD,A,2020,1908,
KOR,HRWKD,TOT,HR_WKD,A,2021,1910,
LUX,HRWKD,TOT,HR_WKD,A,1995,1615,
LUX,HRWKD,TOT,HR_WKD,A,1996,1593,
LUX,HRWKD,TOT,HR_WKD,A,1997,1600,
LUX,HRWKD,TOT,HR_WKD,A,1998,1599,
LUX,HRWKD,TOT,HR_WKD,A,1999,1598,
LUX,HRWKD,TOT,HR_WKD,A,2000,1604.987,
LUX,HRWKD,TOT,HR_WKD,A,2001,1593,
LUX,HRWKD,TOT,HR_WKD,A,2002,1588,
LUX,HRWKD,TOT,HR_WKD,A,2003,1586,
LUX,HRWKD,TOT,HR_WKD,A,2004,1586,
LUX,HRWKD,TOT,HR_WKD,A,2005,1567,
LUX,HRWKD,TOT,HR_WKD,A,2006,1567,
LUX,HRWKD,TOT,HR_WKD,A,2007,1580.994,
LUX,HRWKD,TOT,HR_WKD,A,2008,1581,
LUX,HRWKD,TOT,HR_WKD,A,2009,1518,
LUX,HRWKD,TOT,HR_WKD,A,2010,1521,
LUX,HRWKD,TOT,HR_WKD,A,2011,1520,
LUX,HRWKD,TOT,HR_WKD,A,2012,1514,
LUX,HRWKD,TOT,HR_WKD,A,2013,1506,
LUX,HRWKD,TOT,HR_WKD,A,2014,1512,
LUX,HRWKD,TOT,HR_WKD,A,2015,1519,
LUX,HRWKD,TOT,HR_WKD,A,2016,1518,
LUX,HRWKD,TOT,HR_WKD,A,2017,1508,
LUX,HRWKD,TOT,HR_WKD,A,2018,1509,
LUX,HRWKD,TOT,HR_WKD,A,2019,1507,
LUX,HRWKD,TOT,HR_WKD,A,2020,1420,
LUX,HRWKD,TOT,HR_WKD,A,2021,1382,
MEX,HRWKD,TOT,HR_WKD,A,1991,2113,
MEX,HRWKD,TOT,HR_WKD,A,1992,2104,
MEX,HRWKD,TOT,HR_WKD,A,1993,2112,
MEX,HRWKD,TOT,HR_WKD,A,1994,2146,
MEX,HRWKD,TOT,HR_WKD,A,1995,2161,
MEX,HRWKD,TOT,HR_WKD,A,1996,2192,
MEX,HRWKD,TOT,HR_WKD,A,1997,2241,
MEX,HRWKD,TOT,HR_WKD,A,1998,2168,
MEX,HRWKD,TOT,HR_WKD,A,1999,2242,
MEX,HRWKD,TOT,HR_WKD,A,2000,2174,
MEX,HRWKD,TOT,HR_WKD,A,2001,2146,
MEX,HRWKD,TOT,HR_WKD,A,2002,2196,
MEX,HRWKD,TOT,HR_WKD,A,2003,2143,
MEX,HRWKD,TOT,HR_WKD,A,2004,2123,
MEX,HRWKD,TOT,HR_WKD,A,2005,2105,
MEX,HRWKD,TOT,HR_WKD,A,2006,2067,
MEX,HRWKD,TOT,HR_WKD,A,2007,2045,
MEX,HRWKD,TOT,HR_WKD,A,2008,2105,
MEX,HRWKD,TOT,HR_WKD,A,2009,1973,
MEX,HRWKD,TOT,HR_WKD,A,2010,2150,
MEX,HRWKD,TOT,HR_WKD,A,2011,2121,
MEX,HRWKD,TOT,HR_WKD,A,2012,2120,
MEX,HRWKD,TOT,HR_WKD,A,2013,2136,
MEX,HRWKD,TOT,HR_WKD,A,2014,2134.06,
MEX,HRWKD,TOT,HR_WKD,A,2015,2139.893,
MEX,HRWKD,TOT,HR_WKD,A,2016,2145.888,
MEX,HRWKD,TOT,HR_WKD,A,2017,2148.538,
MEX,HRWKD,TOT,HR_WKD,A,2018,2149.408,
MEX,HRWKD,TOT,HR_WKD,A,2019,2138.89,
MEX,HRWKD,TOT,HR_WKD,A,2020,2123.537,
MEX,HRWKD,TOT,HR_WKD,A,2021,2127.808,
NLD,HRWKD,TOT,HR_WKD,A,1970,1809,
NLD,HRWKD,TOT,HR_WKD,A,1971,1777,
NLD,HRWKD,TOT,HR_WKD,A,1972,1775,
NLD,HRWKD,TOT,HR_WKD,A,1973,1749,
NLD,HRWKD,TOT,HR_WKD,A,1974,1696,
NLD,HRWKD,TOT,HR_WKD,A,1975,1644,
NLD,HRWKD,TOT,HR_WKD,A,1976,1628,
NLD,HRWKD,TOT,HR_WKD,A,1977,1608,
NLD,HRWKD,TOT,HR_WKD,A,1978,1580,
NLD,HRWKD,TOT,HR_WKD,A,1979,1559,
NLD,HRWKD,TOT,HR_WKD,A,1980,1556,
NLD,HRWKD,TOT,HR_WKD,A,1981,1556,
NLD,HRWKD,TOT,HR_WKD,A,1982,1542,
NLD,HRWKD,TOT,HR_WKD,A,1983,1527,
NLD,HRWKD,TOT,HR_WKD,A,1984,1519,
NLD,HRWKD,TOT,HR_WKD,A,1985,1502,
NLD,HRWKD,TOT,HR_WKD,A,1986,1488,
NLD,HRWKD,TOT,HR_WKD,A,1987,1467,
NLD,HRWKD,TOT,HR_WKD,A,1988,1464,
NLD,HRWKD,TOT,HR_WKD,A,1989,1459,
NLD,HRWKD,TOT,HR_WKD,A,1990,1454,
NLD,HRWKD,TOT,HR_WKD,A,1991,1444,
NLD,HRWKD,TOT,HR_WKD,A,1992,1451,
NLD,HRWKD,TOT,HR_WKD,A,1993,1440,
NLD,HRWKD,TOT,HR_WKD,A,1994,1447,
NLD,HRWKD,TOT,HR_WKD,A,1995,1481.558,
NLD,HRWKD,TOT,HR_WKD,A,1996,1496.45,
NLD,HRWKD,TOT,HR_WKD,A,1997,1481.967,
NLD,HRWKD,TOT,HR_WKD,A,1998,1478.722,
NLD,HRWKD,TOT,HR_WKD,A,1999,1477.174,
NLD,HRWKD,TOT,HR_WKD,A,2000,1464.061,
NLD,HRWKD,TOT,HR_WKD,A,2001,1454.077,
NLD,HRWKD,TOT,HR_WKD,A,2002,1436.377,
NLD,HRWKD,TOT,HR_WKD,A,2003,1427.828,
NLD,HRWKD,TOT,HR_WKD,A,2004,1447.895,
NLD,HRWKD,TOT,HR_WKD,A,2005,1433.612,
NLD,HRWKD,TOT,HR_WKD,A,2006,1430.447,
NLD,HRWKD,TOT,HR_WKD,A,2007,1429.172,
NLD,HRWKD,TOT,HR_WKD,A,2008,1428.566,
NLD,HRWKD,TOT,HR_WKD,A,2009,1420.047,
NLD,HRWKD,TOT,HR_WKD,A,2010,1419.633,
NLD,HRWKD,TOT,HR_WKD,A,2011,1420.18,
NLD,HRWKD,TOT,HR_WKD,A,2012,1410.51,
NLD,HRWKD,TOT,HR_WKD,A,2013,1414.699,
NLD,HRWKD,TOT,HR_WKD,A,2014,1425.595,
NLD,HRWKD,TOT,HR_WKD,A,2015,1425.814,
NLD,HRWKD,TOT,HR_WKD,A,2016,1437.309,
NLD,HRWKD,TOT,HR_WKD,A,2017,1436.766,
NLD,HRWKD,TOT,HR_WKD,A,2018,1436.06,
NLD,HRWKD,TOT,HR_WKD,A,2019,1438.52,
NLD,HRWKD,TOT,HR_WKD,A,2020,1406.867,
NLD,HRWKD,TOT,HR_WKD,A,2021,1416.543,
NZL,HRWKD,TOT,HR_WKD,A,1986,1834,
NZL,HRWKD,TOT,HR_WKD,A,1987,1838,
NZL,HRWKD,TOT,HR_WKD,A,1988,1829,
NZL,HRWKD,TOT,HR_WKD,A,1989,1820,
NZL,HRWKD,TOT,HR_WKD,A,1990,1809,
NZL,HRWKD,TOT,HR_WKD,A,1991,1792,
NZL,HRWKD,TOT,HR_WKD,A,1992,1799,
NZL,HRWKD,TOT,HR_WKD,A,1993,1853,
NZL,HRWKD,TOT,HR_WKD,A,1994,1848,
NZL,HRWKD,TOT,HR_WKD,A,1995,1841,
NZL,HRWKD,TOT,HR_WKD,A,1996,1834,
NZL,HRWKD,TOT,HR_WKD,A,1997,1826,
NZL,HRWKD,TOT,HR_WKD,A,1998,1829,
NZL,HRWKD,TOT,HR_WKD,A,1999,1845,
NZL,HRWKD,TOT,HR_WKD,A,2000,1836,
NZL,HRWKD,TOT,HR_WKD,A,2001,1825,
NZL,HRWKD,TOT,HR_WKD,A,2002,1826,
NZL,HRWKD,TOT,HR_WKD,A,2003,1823,
NZL,HRWKD,TOT,HR_WKD,A,2004,1830,
NZL,HRWKD,TOT,HR_WKD,A,2005,1815,
NZL,HRWKD,TOT,HR_WKD,A,2006,1795,
NZL,HRWKD,TOT,HR_WKD,A,2007,1774,
NZL,HRWKD,TOT,HR_WKD,A,2008,1761,
NZL,HRWKD,TOT,HR_WKD,A,2009,1740,
NZL,HRWKD,TOT,HR_WKD,A,2010,1755,
NZL,HRWKD,TOT,HR_WKD,A,2011,1746,
NZL,HRWKD,TOT,HR_WKD,A,2012,1734,
NZL,HRWKD,TOT,HR_WKD,A,2013,1756,
NZL,HRWKD,TOT,HR_WKD,A,2014,1758,
NZL,HRWKD,TOT,HR_WKD,A,2015,1753,
NZL,HRWKD,TOT,HR_WKD,A,2016,1754,
NZL,HRWKD,TOT,HR_WKD,A,2017,1756,
NZL,HRWKD,TOT,HR_WKD,A,2018,1759,
NZL,HRWKD,TOT,HR_WKD,A,2019,1783,
NZL,HRWKD,TOT,HR_WKD,A,2020,1739,
NZL,HRWKD,TOT,HR_WKD,A,2021,1730,
NOR,HRWKD,TOT,HR_WKD,A,1962,1995,
NOR,HRWKD,TOT,HR_WKD,A,1963,1986,
NOR,HRWKD,TOT,HR_WKD,A,1964,1996,
NOR,HRWKD,TOT,HR_WKD,A,1965,1951,
NOR,HRWKD,TOT,HR_WKD,A,1966,1952,
NOR,HRWKD,TOT,HR_WKD,A,1967,1936,
NOR,HRWKD,TOT,HR_WKD,A,1968,1897,
NOR,HRWKD,TOT,HR_WKD,A,1969,1849,
NOR,HRWKD,TOT,HR_WKD,A,1970,1819.1,
NOR,HRWKD,TOT,HR_WKD,A,1971,1798.1,
NOR,HRWKD,TOT,HR_WKD,A,1972,1765.6,
NOR,HRWKD,TOT,HR_WKD,A,1973,1751.5,
NOR,HRWKD,TOT,HR_WKD,A,1974,1730.9,
NOR,HRWKD,TOT,HR_WKD,A,1975,1715.3,
NOR,HRWKD,TOT,HR_WKD,A,1976,1662.9,
NOR,HRWKD,TOT,HR_WKD,A,1977,1627.4,
NOR,HRWKD,TOT,HR_WKD,A,1978,1591.6,
NOR,HRWKD,TOT,HR_WKD,A,1979,1569.4,
NOR,HRWKD,TOT,HR_WKD,A,1980,1569.4,
NOR,HRWKD,TOT,HR_WKD,A,1981,1560.5,
NOR,HRWKD,TOT,HR_WKD,A,1982,1549.4,
NOR,HRWKD,TOT,HR_WKD,A,1983,1542.8,
NOR,HRWKD,TOT,HR_WKD,A,1984,1537.9,
NOR,HRWKD,TOT,HR_WKD,A,1985,1532,
NOR,HRWKD,TOT,HR_WKD,A,1986,1527.8,
NOR,HRWKD,TOT,HR_WKD,A,1987,1500.8,
NOR,HRWKD,TOT,HR_WKD,A,1988,1503.6,
NOR,HRWKD,TOT,HR_WKD,A,1989,1500.6,
NOR,HRWKD,TOT,HR_WKD,A,1990,1492.8,
NOR,HRWKD,TOT,HR_WKD,A,1991,1490.2,
NOR,HRWKD,TOT,HR_WKD,A,1992,1499.6,
NOR,HRWKD,TOT,HR_WKD,A,1993,1496.8,
NOR,HRWKD,TOT,HR_WKD,A,1994,1494.9,
NOR,HRWKD,TOT,HR_WKD,A,1995,1478.3,
NOR,HRWKD,TOT,HR_WKD,A,1996,1473.6,
NOR,HRWKD,TOT,HR_WKD,A,1997,1468.4,
NOR,HRWKD,TOT,HR_WKD,A,1998,1466.6,
NOR,HRWKD,TOT,HR_WKD,A,1999,1465.5,
NOR,HRWKD,TOT,HR_WKD,A,2000,1448.1,
NOR,HRWKD,TOT,HR_WKD,A,2001,1424,
NOR,HRWKD,TOT,HR_WKD,A,2002,1411.8,
NOR,HRWKD,TOT,HR_WKD,A,2003,1401,
NOR,HRWKD,TOT,HR_WKD,A,2004,1423.1,
NOR,HRWKD,TOT,HR_WKD,A,2005,1428.5,
NOR,HRWKD,TOT,HR_WKD,A,2006,1426.4,
NOR,HRWKD,TOT,HR_WKD,A,2007,1438.3,
NOR,HRWKD,TOT,HR_WKD,A,2008,1443,
NOR,HRWKD,TOT,HR_WKD,A,2009,1421.8,
NOR,HRWKD,TOT,HR_WKD,A,2010,1429.8,
NOR,HRWKD,TOT,HR_WKD,A,2011,1434.7,
NOR,HRWKD,TOT,HR_WKD,A,2012,1431.1,
NOR,HRWKD,TOT,HR_WKD,A,2013,1421.3,
NOR,HRWKD,TOT,HR_WKD,A,2014,1424.1,
NOR,HRWKD,TOT,HR_WKD,A,2015,1426.6,
NOR,HRWKD,TOT,HR_WKD,A,2016,1430,
NOR,HRWKD,TOT,HR_WKD,A,2017,1419.5,
NOR,HRWKD,TOT,HR_WKD,A,2018,1419.2,
NOR,HRWKD,TOT,HR_WKD,A,2019,1418.6,
NOR,HRWKD,TOT,HR_WKD,A,2020,1410.7,
NOR,HRWKD,TOT,HR_WKD,A,2021,1427.1,
POL,HRWKD,TOT,HR_WKD,A,1993,1903.245,
POL,HRWKD,TOT,HR_WKD,A,1994,1940.738,
POL,HRWKD,TOT,HR_WKD,A,1995,1903.245,
POL,HRWKD,TOT,HR_WKD,A,1996,1917.528,
POL,HRWKD,TOT,HR_WKD,A,1997,1912.172,
POL,HRWKD,TOT,HR_WKD,A,1998,1888.962,
POL,HRWKD,TOT,HR_WKD,A,1999,1874.98,
POL,HRWKD,TOT,HR_WKD,A,2000,1858.34,
POL,HRWKD,TOT,HR_WKD,A,2001,1860.119,
POL,HRWKD,TOT,HR_WKD,A,2002,1855.463,
POL,HRWKD,TOT,HR_WKD,A,2003,1860.549,
POL,HRWKD,TOT,HR_WKD,A,2004,1860.871,
POL,HRWKD,TOT,HR_WKD,A,2005,1855.975,
POL,HRWKD,TOT,HR_WKD,A,2006,1857.342,
POL,HRWKD,TOT,HR_WKD,A,2007,1854.695,
POL,HRWKD,TOT,HR_WKD,A,2008,1847.54,
POL,HRWKD,TOT,HR_WKD,A,2009,1833.614,
POL,HRWKD,TOT,HR_WKD,A,2010,1828.972,
POL,HRWKD,TOT,HR_WKD,A,2011,1824.33,
POL,HRWKD,TOT,HR_WKD,A,2012,1819.688,
POL,HRWKD,TOT,HR_WKD,A,2013,1816.434,
POL,HRWKD,TOT,HR_WKD,A,2014,1822.296,
POL,HRWKD,TOT,HR_WKD,A,2015,1829.159,
POL,HRWKD,TOT,HR_WKD,A,2016,1831.364,
POL,HRWKD,TOT,HR_WKD,A,2017,1811.616,
POL,HRWKD,TOT,HR_WKD,A,2018,1787.329,
POL,HRWKD,TOT,HR_WKD,A,2019,1782.625,
POL,HRWKD,TOT,HR_WKD,A,2020,1768.756,
POL,HRWKD,TOT,HR_WKD,A,2021,1830.237,
PRT,HRWKD,TOT,HR_WKD,A,1970,1963.479,
PRT,HRWKD,TOT,HR_WKD,A,1971,1950.573,
PRT,HRWKD,TOT,HR_WKD,A,1972,1938.59,
PRT,HRWKD,TOT,HR_WKD,A,1973,1926.606,
PRT,HRWKD,TOT,HR_WKD,A,1974,1914.622,
PRT,HRWKD,TOT,HR_WKD,A,1975,1903.561,
PRT,HRWKD,TOT,HR_WKD,A,1976,1892.499,
PRT,HRWKD,TOT,HR_WKD,A,1977,1881.437,
PRT,HRWKD,TOT,HR_WKD,A,1978,1870.375,
PRT,HRWKD,TOT,HR_WKD,A,1979,1859.313,
PRT,HRWKD,TOT,HR_WKD,A,1980,1849.173,
PRT,HRWKD,TOT,HR_WKD,A,1981,1838.111,
PRT,HRWKD,TOT,HR_WKD,A,1982,1827.049,
PRT,HRWKD,TOT,HR_WKD,A,1983,1816.909,
PRT,HRWKD,TOT,HR_WKD,A,1984,1805.847,
PRT,HRWKD,TOT,HR_WKD,A,1985,1795.707,
PRT,HRWKD,TOT,HR_WKD,A,1986,1784.646,
PRT,HRWKD,TOT,HR_WKD,A,1987,1799.395,
PRT,HRWKD,TOT,HR_WKD,A,1988,1798.473,
PRT,HRWKD,TOT,HR_WKD,A,1989,1817.831,
PRT,HRWKD,TOT,HR_WKD,A,1990,1805.847,
PRT,HRWKD,TOT,HR_WKD,A,1991,1739.476,
PRT,HRWKD,TOT,HR_WKD,A,1992,1682.323,
PRT,HRWKD,TOT,HR_WKD,A,1993,1684.167,
PRT,HRWKD,TOT,HR_WKD,A,1994,1691.542,
PRT,HRWKD,TOT,HR_WKD,A,1995,1749.355,
PRT,HRWKD,TOT,HR_WKD,A,1996,1750.326,
PRT,HRWKD,TOT,HR_WKD,A,1997,1745.671,
PRT,HRWKD,TOT,HR_WKD,A,1998,1759.928,
PRT,HRWKD,TOT,HR_WKD,A,1999,1761.558,
PRT,HRWKD,TOT,HR_WKD,A,2000,1770.414,
PRT,HRWKD,TOT,HR_WKD,A,2001,1755.084,
PRT,HRWKD,TOT,HR_WKD,A,2002,1748.68,
PRT,HRWKD,TOT,HR_WKD,A,2003,1742.2,
PRT,HRWKD,TOT,HR_WKD,A,2004,1747.852,
PRT,HRWKD,TOT,HR_WKD,A,2005,1749.749,
PRT,HRWKD,TOT,HR_WKD,A,2006,1738.865,
PRT,HRWKD,TOT,HR_WKD,A,2007,1754.672,
PRT,HRWKD,TOT,HR_WKD,A,2008,1742.577,
PRT,HRWKD,TOT,HR_WKD,A,2009,1742.975,
PRT,HRWKD,TOT,HR_WKD,A,2010,1745.595,
PRT,HRWKD,TOT,HR_WKD,A,2011,1724.362,
PRT,HRWKD,TOT,HR_WKD,A,2012,1708.218,
PRT,HRWKD,TOT,HR_WKD,A,2013,1717.553,
PRT,HRWKD,TOT,HR_WKD,A,2014,1724.576,
PRT,HRWKD,TOT,HR_WKD,A,2015,1731.733,
PRT,HRWKD,TOT,HR_WKD,A,2016,1737.476,
PRT,HRWKD,TOT,HR_WKD,A,2017,1727.14,
PRT,HRWKD,TOT,HR_WKD,A,2018,1737.704,
PRT,HRWKD,TOT,HR_WKD,A,2019,1743.93,
PRT,HRWKD,TOT,HR_WKD,A,2020,1611.193,
PRT,HRWKD,TOT,HR_WKD,A,2021,1648.943,
SVK,HRWKD,TOT,HR_WKD,A,1995,1853,
SVK,HRWKD,TOT,HR_WKD,A,1996,1820,
SVK,HRWKD,TOT,HR_WKD,A,1997,1830.001,
SVK,HRWKD,TOT,HR_WKD,A,1998,1822,
SVK,HRWKD,TOT,HR_WKD,A,1999,1816,
SVK,HRWKD,TOT,HR_WKD,A,2000,1816,
SVK,HRWKD,TOT,HR_WKD,A,2001,1801,
SVK,HRWKD,TOT,HR_WKD,A,2002,1754,
SVK,HRWKD,TOT,HR_WKD,A,2003,1698,
SVK,HRWKD,TOT,HR_WKD,A,2004,1741.998,
SVK,HRWKD,TOT,HR_WKD,A,2005,1769,
SVK,HRWKD,TOT,HR_WKD,A,2006,1774,
SVK,HRWKD,TOT,HR_WKD,A,2007,1791,
SVK,HRWKD,TOT,HR_WKD,A,2008,1793,
SVK,HRWKD,TOT,HR_WKD,A,2009,1780,
SVK,HRWKD,TOT,HR_WKD,A,2010,1805,
SVK,HRWKD,TOT,HR_WKD,A,2011,1793.01,
SVK,HRWKD,TOT,HR_WKD,A,2012,1789,
SVK,HRWKD,TOT,HR_WKD,A,2013,1772,
SVK,HRWKD,TOT,HR_WKD,A,2014,1760,
SVK,HRWKD,TOT,HR_WKD,A,2015,1754,
SVK,HRWKD,TOT,HR_WKD,A,2016,1740.012,
SVK,HRWKD,TOT,HR_WKD,A,2017,1713.784,
SVK,HRWKD,TOT,HR_WKD,A,2018,1703.924,
SVK,HRWKD,TOT,HR_WKD,A,2019,1691.986,
SVK,HRWKD,TOT,HR_WKD,A,2020,1571.98,
SVK,HRWKD,TOT,HR_WKD,A,2021,1583.159,
ESP,HRWKD,TOT,HR_WKD,A,1977,2036.3,
ESP,HRWKD,TOT,HR_WKD,A,1978,2004.9,
ESP,HRWKD,TOT,HR_WKD,A,1979,1954.3,
ESP,HRWKD,TOT,HR_WKD,A,1980,1936,
ESP,HRWKD,TOT,HR_WKD,A,1981,1901.6,
ESP,HRWKD,TOT,HR_WKD,A,1982,1880.3,
ESP,HRWKD,TOT,HR_WKD,A,1983,1847.9,
ESP,HRWKD,TOT,HR_WKD,A,1984,1803.4,
ESP,HRWKD,TOT,HR_WKD,A,1985,1793.3,
ESP,HRWKD,TOT,HR_WKD,A,1986,1785.2,
ESP,HRWKD,TOT,HR_WKD,A,1987,1777.1,
ESP,HRWKD,TOT,HR_WKD,A,1988,1773,
ESP,HRWKD,TOT,HR_WKD,A,1989,1760.9,
ESP,HRWKD,TOT,HR_WKD,A,1990,1762.9,
ESP,HRWKD,TOT,HR_WKD,A,1991,1772,
ESP,HRWKD,TOT,HR_WKD,A,1992,1763.9,
ESP,HRWKD,TOT,HR_WKD,A,1993,1755.8,
ESP,HRWKD,TOT,HR_WKD,A,1994,1754.8,
ESP,HRWKD,TOT,HR_WKD,A,1995,1754.8,
ESP,HRWKD,TOT,HR_WKD,A,1996,1749.7,
ESP,HRWKD,TOT,HR_WKD,A,1997,1749.7,
ESP,HRWKD,TOT,HR_WKD,A,1998,1753.8,
ESP,HRWKD,TOT,HR_WKD,A,1999,1753.8,
ESP,HRWKD,TOT,HR_WKD,A,2000,1752.8,
ESP,HRWKD,TOT,HR_WKD,A,2001,1762.1,
ESP,HRWKD,TOT,HR_WKD,A,2002,1763.6,
ESP,HRWKD,TOT,HR_WKD,A,2003,1754.6,
ESP,HRWKD,TOT,HR_WKD,A,2004,1739.901,
ESP,HRWKD,TOT,HR_WKD,A,2005,1723.7,
ESP,HRWKD,TOT,HR_WKD,A,2006,1713.7,
ESP,HRWKD,TOT,HR_WKD,A,2007,1701.308,
ESP,HRWKD,TOT,HR_WKD,A,2008,1710.1,
ESP,HRWKD,TOT,HR_WKD,A,2009,1715.805,
ESP,HRWKD,TOT,HR_WKD,A,2010,1705.8,
ESP,HRWKD,TOT,HR_WKD,A,2011,1710.692,
ESP,HRWKD,TOT,HR_WKD,A,2012,1696.7,
ESP,HRWKD,TOT,HR_WKD,A,2013,1689.8,
ESP,HRWKD,TOT,HR_WKD,A,2014,1690.6,
ESP,HRWKD,TOT,HR_WKD,A,2015,1694.2,
ESP,HRWKD,TOT,HR_WKD,A,2016,1701.5,
ESP,HRWKD,TOT,HR_WKD,A,2017,1692.394,
ESP,HRWKD,TOT,HR_WKD,A,2018,1697.622,
ESP,HRWKD,TOT,HR_WKD,A,2019,1682.936,
ESP,HRWKD,TOT,HR_WKD,A,2020,1569.672,
ESP,HRWKD,TOT,HR_WKD,A,2021,1640.941,
SWE,HRWKD,TOT,HR_WKD,A,1950,1820.795,
SWE,HRWKD,TOT,HR_WKD,A,1951,1812.666,
SWE,HRWKD,TOT,HR_WKD,A,1952,1812.666,
SWE,HRWKD,TOT,HR_WKD,A,1953,1794.603,
SWE,HRWKD,TOT,HR_WKD,A,1954,1804.538,
SWE,HRWKD,TOT,HR_WKD,A,1955,1794.603,
SWE,HRWKD,TOT,HR_WKD,A,1956,1772.023,
SWE,HRWKD,TOT,HR_WKD,A,1957,1772.023,
SWE,HRWKD,TOT,HR_WKD,A,1958,1743.122,
SWE,HRWKD,TOT,HR_WKD,A,1959,1719.639,
SWE,HRWKD,TOT,HR_WKD,A,1960,1715.123,
SWE,HRWKD,TOT,HR_WKD,A,1961,1716.93,
SWE,HRWKD,TOT,HR_WKD,A,1962,1706.092,
SWE,HRWKD,TOT,HR_WKD,A,1963,1700.673,
SWE,HRWKD,TOT,HR_WKD,A,1964,1672.674,
SWE,HRWKD,TOT,HR_WKD,A,1965,1662.74,
SWE,HRWKD,TOT,HR_WKD,A,1966,1650.095,
SWE,HRWKD,TOT,HR_WKD,A,1967,1622.097,
SWE,HRWKD,TOT,HR_WKD,A,1968,1583.26,
SWE,HRWKD,TOT,HR_WKD,A,1969,1562.487,
SWE,HRWKD,TOT,HR_WKD,A,1970,1562.487,
SWE,HRWKD,TOT,HR_WKD,A,1971,1533.586,
SWE,HRWKD,TOT,HR_WKD,A,1972,1497.459,
SWE,HRWKD,TOT,HR_WKD,A,1973,1483.008,
SWE,HRWKD,TOT,HR_WKD,A,1974,1465.848,
SWE,HRWKD,TOT,HR_WKD,A,1975,1444.172,
SWE,HRWKD,TOT,HR_WKD,A,1976,1452.3,
SWE,HRWKD,TOT,HR_WKD,A,1977,1427.915,
SWE,HRWKD,TOT,HR_WKD,A,1978,1391.788,
SWE,HRWKD,TOT,HR_WKD,A,1979,1381.853,
SWE,HRWKD,TOT,HR_WKD,A,1980,1380.047,
SWE,HRWKD,TOT,HR_WKD,A,1981,1371.918,
SWE,HRWKD,TOT,HR_WKD,A,1982,1384.563,
SWE,HRWKD,TOT,HR_WKD,A,1983,1393.594,
SWE,HRWKD,TOT,HR_WKD,A,1984,1396.304,
SWE,HRWKD,TOT,HR_WKD,A,1985,1399.916,
SWE,HRWKD,TOT,HR_WKD,A,1986,1398.11,
SWE,HRWKD,TOT,HR_WKD,A,1987,1407.142,
SWE,HRWKD,TOT,HR_WKD,A,1988,1425.205,
SWE,HRWKD,TOT,HR_WKD,A,1989,1423.399,
SWE,HRWKD,TOT,HR_WKD,A,1990,1420.689,
SWE,HRWKD,TOT,HR_WKD,A,1991,1408.045,
SWE,HRWKD,TOT,HR_WKD,A,1992,1424.302,
SWE,HRWKD,TOT,HR_WKD,A,1993,1440.559,
SWE,HRWKD,TOT,HR_WKD,A,1994,1474.88,
SWE,HRWKD,TOT,HR_WKD,A,1995,1481.56,
SWE,HRWKD,TOT,HR_WKD,A,1996,1492.865,
SWE,HRWKD,TOT,HR_WKD,A,1997,1497.286,
SWE,HRWKD,TOT,HR_WKD,A,1998,1496.337,
SWE,HRWKD,TOT,HR_WKD,A,1999,1504.891,
SWE,HRWKD,TOT,HR_WKD,A,2000,1485.595,
SWE,HRWKD,TOT,HR_WKD,A,2001,1464.5,
SWE,HRWKD,TOT,HR_WKD,A,2002,1443.663,
SWE,HRWKD,TOT,HR_WKD,A,2003,1431.298,
SWE,HRWKD,TOT,HR_WKD,A,2004,1452.612,
SWE,HRWKD,TOT,HR_WKD,A,2005,1451.476,
SWE,HRWKD,TOT,HR_WKD,A,2006,1450.117,
SWE,HRWKD,TOT,HR_WKD,A,2007,1461.687,
SWE,HRWKD,TOT,HR_WKD,A,2008,1471.283,
SWE,HRWKD,TOT,HR_WKD,A,2009,1457.932,
SWE,HRWKD,TOT,HR_WKD,A,2010,1483.018,
SWE,HRWKD,TOT,HR_WKD,A,2011,1483.863,
SWE,HRWKD,TOT,HR_WKD,A,2012,1471.372,
SWE,HRWKD,TOT,HR_WKD,A,2013,1462.893,
SWE,HRWKD,TOT,HR_WKD,A,2014,1464.36,
SWE,HRWKD,TOT,HR_WKD,A,2015,1465.871,
SWE,HRWKD,TOT,HR_WKD,A,2016,1478.111,
SWE,HRWKD,TOT,HR_WKD,A,2017,1466.709,
SWE,HRWKD,TOT,HR_WKD,A,2018,1466.181,
SWE,HRWKD,TOT,HR_WKD,A,2019,1453.424,
SWE,HRWKD,TOT,HR_WKD,A,2020,1426.155,
SWE,HRWKD,TOT,HR_WKD,A,2021,1444.285,
CHE,HRWKD,TOT,HR_WKD,A,1991,1718.1,
CHE,HRWKD,TOT,HR_WKD,A,1992,1725.4,
CHE,HRWKD,TOT,HR_WKD,A,1993,1720.4,
CHE,HRWKD,TOT,HR_WKD,A,1994,1739.7,
CHE,HRWKD,TOT,HR_WKD,A,1995,1720.3,
CHE,HRWKD,TOT,HR_WKD,A,1996,1696.9,
CHE,HRWKD,TOT,HR_WKD,A,1997,1687.5,
CHE,HRWKD,TOT,HR_WKD,A,1998,1695.5,
CHE,HRWKD,TOT,HR_WKD,A,1999,1717.4,
CHE,HRWKD,TOT,HR_WKD,A,2000,1712.7,
CHE,HRWKD,TOT,HR_WKD,A,2001,1672.8,
CHE,HRWKD,TOT,HR_WKD,A,2002,1651.3,
CHE,HRWKD,TOT,HR_WKD,A,2003,1664.5,
CHE,HRWKD,TOT,HR_WKD,A,2004,1695,
CHE,HRWKD,TOT,HR_WKD,A,2005,1690,
CHE,HRWKD,TOT,HR_WKD,A,2006,1679.2,
CHE,HRWKD,TOT,HR_WKD,A,2007,1668.9,
CHE,HRWKD,TOT,HR_WKD,A,2008,1659.5,
CHE,HRWKD,TOT,HR_WKD,A,2009,1650.8,
CHE,HRWKD,TOT,HR_WKD,A,2010,1611.235,
CHE,HRWKD,TOT,HR_WKD,A,2011,1608.309,
CHE,HRWKD,TOT,HR_WKD,A,2012,1592.564,
CHE,HRWKD,TOT,HR_WKD,A,2013,1572.689,
CHE,HRWKD,TOT,HR_WKD,A,2014,1564.47,
CHE,HRWKD,TOT,HR_WKD,A,2015,1576.62,
CHE,HRWKD,TOT,HR_WKD,A,2016,1577.044,
CHE,HRWKD,TOT,HR_WKD,A,2017,1559.09,
CHE,HRWKD,TOT,HR_WKD,A,2018,1551.416,
CHE,HRWKD,TOT,HR_WKD,A,2019,1549.435,
CHE,HRWKD,TOT,HR_WKD,A,2020,1498.5,
CHE,HRWKD,TOT,HR_WKD,A,2021,1533.304,
TUR,HRWKD,TOT,HR_WKD,A,1970,2086,
TUR,HRWKD,TOT,HR_WKD,A,1971,2077,
TUR,HRWKD,TOT,HR_WKD,A,1972,2069,
TUR,HRWKD,TOT,HR_WKD,A,1973,2060,
TUR,HRWKD,TOT,HR_WKD,A,1974,2044,
TUR,HRWKD,TOT,HR_WKD,A,1975,2028,
TUR,HRWKD,TOT,HR_WKD,A,1976,2012,
TUR,HRWKD,TOT,HR_WKD,A,1977,1996,
TUR,HRWKD,TOT,HR_WKD,A,1978,1980,
TUR,HRWKD,TOT,HR_WKD,A,1979,1964,
TUR,HRWKD,TOT,HR_WKD,A,1980,1957,
TUR,HRWKD,TOT,HR_WKD,A,1981,1950,
TUR,HRWKD,TOT,HR_WKD,A,1982,1943,
TUR,HRWKD,TOT,HR_WKD,A,1983,1935,
TUR,HRWKD,TOT,HR_WKD,A,1984,1871,
TUR,HRWKD,TOT,HR_WKD,A,1985,1898,
TUR,HRWKD,TOT,HR_WKD,A,1986,1883,
TUR,HRWKD,TOT,HR_WKD,A,1987,1844,
TUR,HRWKD,TOT,HR_WKD,A,1988,1837,
TUR,HRWKD,TOT,HR_WKD,A,1989,1867,
TUR,HRWKD,TOT,HR_WKD,A,1990,1866,
TUR,HRWKD,TOT,HR_WKD,A,1991,1870,
TUR,HRWKD,TOT,HR_WKD,A,1992,1897,
TUR,HRWKD,TOT,HR_WKD,A,1993,1917,
TUR,HRWKD,TOT,HR_WKD,A,1994,1886,
TUR,HRWKD,TOT,HR_WKD,A,1995,1876,
TUR,HRWKD,TOT,HR_WKD,A,1996,1892,
TUR,HRWKD,TOT,HR_WKD,A,1997,1878,
TUR,HRWKD,TOT,HR_WKD,A,1998,1884,
TUR,HRWKD,TOT,HR_WKD,A,1999,1925,
TUR,HRWKD,TOT,HR_WKD,A,2000,1937,
TUR,HRWKD,TOT,HR_WKD,A,2001,1942,
TUR,HRWKD,TOT,HR_WKD,A,2002,1943,
TUR,HRWKD,TOT,HR_WKD,A,2003,1943,
TUR,HRWKD,TOT,HR_WKD,A,2004,1918,
TUR,HRWKD,TOT,HR_WKD,A,2005,1936,
TUR,HRWKD,TOT,HR_WKD,A,2006,1944,
TUR,HRWKD,TOT,HR_WKD,A,2007,1911,
TUR,HRWKD,TOT,HR_WKD,A,2008,1900,
TUR,HRWKD,TOT,HR_WKD,A,2009,1881,
TUR,HRWKD,TOT,HR_WKD,A,2010,1877,
TUR,HRWKD,TOT,HR_WKD,A,2011,1864,
TUR,HRWKD,TOT,HR_WKD,A,2012,1855,
TUR,HRWKD,TOT,HR_WKD,A,2013,1832,
TUR,HRWKD,TOT,HR_WKD,A,2014,1829.543,
TUR,HRWKD,TOT,HR_WKD,A,2015,1810.707,
TUR,HRWKD,TOT,HR_WKD,A,2016,1789.414,
TUR,HRWKD,TOT,HR_WKD,A,2017,1775.492,
TUR,HRWKD,TOT,HR_WKD,A,2018,1745.191,
TUR,HRWKD,TOT,HR_WKD,A,2019,1732.088,
TUR,HRWKD,TOT,HR_WKD,A,2020,1572.392,
GBR,HRWKD,TOT,HR_WKD,A,1970,1775.233,
GBR,HRWKD,TOT,HR_WKD,A,1971,1740.406,
GBR,HRWKD,TOT,HR_WKD,A,1972,1709.246,
GBR,HRWKD,TOT,HR_WKD,A,1973,1760.569,
GBR,HRWKD,TOT,HR_WKD,A,1974,1724.826,
GBR,HRWKD,TOT,HR_WKD,A,1975,1720.244,
GBR,HRWKD,TOT,HR_WKD,A,1976,1704.663,
GBR,HRWKD,TOT,HR_WKD,A,1977,1687.25,
GBR,HRWKD,TOT,HR_WKD,A,1978,1668.92,
GBR,HRWKD,TOT,HR_WKD,A,1979,1661.589,
GBR,HRWKD,TOT,HR_WKD,A,1980,1619.43,
GBR,HRWKD,TOT,HR_WKD,A,1981,1567.191,
GBR,HRWKD,TOT,HR_WKD,A,1982,1580.938,
GBR,HRWKD,TOT,HR_WKD,A,1983,1568.107,
GBR,HRWKD,TOT,HR_WKD,A,1984,1582.771,
GBR,HRWKD,TOT,HR_WKD,A,1985,1613.015,
GBR,HRWKD,TOT,HR_WKD,A,1986,1615.764,
GBR,HRWKD,TOT,HR_WKD,A,1987,1605.683,
GBR,HRWKD,TOT,HR_WKD,A,1988,1642.342,
GBR,HRWKD,TOT,HR_WKD,A,1989,1631.345,
GBR,HRWKD,TOT,HR_WKD,A,1990,1617.597,
GBR,HRWKD,TOT,HR_WKD,A,1991,1614.848,
GBR,HRWKD,TOT,HR_WKD,A,1992,1582.771,
GBR,HRWKD,TOT,HR_WKD,A,1993,1577.272,
GBR,HRWKD,TOT,HR_WKD,A,1994,1586.437,
GBR,HRWKD,TOT,HR_WKD,A,1995,1586.437,
GBR,HRWKD,TOT,HR_WKD,A,1996,1586.437,
GBR,HRWKD,TOT,HR_WKD,A,1997,1586.437,
GBR,HRWKD,TOT,HR_WKD,A,1998,1581.854,
GBR,HRWKD,TOT,HR_WKD,A,1999,1572.689,
GBR,HRWKD,TOT,HR_WKD,A,2000,1558.026,
GBR,HRWKD,TOT,HR_WKD,A,2001,1562.608,
GBR,HRWKD,TOT,HR_WKD,A,2002,1543.362,
GBR,HRWKD,TOT,HR_WKD,A,2003,1534.197,
GBR,HRWKD,TOT,HR_WKD,A,2004,1533.824,
GBR,HRWKD,TOT,HR_WKD,A,2005,1544.036,
GBR,HRWKD,TOT,HR_WKD,A,2006,1536.39,
GBR,HRWKD,TOT,HR_WKD,A,2007,1541.169,
GBR,HRWKD,TOT,HR_WKD,A,2008,1524.921,
GBR,HRWKD,TOT,HR_WKD,A,2009,1516.319,
GBR,HRWKD,TOT,HR_WKD,A,2010,1507.239,
GBR,HRWKD,TOT,HR_WKD,A,2011,1515.363,
GBR,HRWKD,TOT,HR_WKD,A,2012,1531.054,
GBR,HRWKD,TOT,HR_WKD,A,2013,1533.518,
GBR,HRWKD,TOT,HR_WKD,A,2014,1542.219,
GBR,HRWKD,TOT,HR_WKD,A,2015,1525.127,
GBR,HRWKD,TOT,HR_WKD,A,2016,1541.275,
GBR,HRWKD,TOT,HR_WKD,A,2017,1535.68,
GBR,HRWKD,TOT,HR_WKD,A,2018,1536.176,
GBR,HRWKD,TOT,HR_WKD,A,2019,1537.043,
GBR,HRWKD,TOT,HR_WKD,A,2020,1363.767,
GBR,HRWKD,TOT,HR_WKD,A,2021,1497.375,
USA,HRWKD,TOT,HR_WKD,A,1950,1967.877,
USA,HRWKD,TOT,HR_WKD,A,1951,1986.549,
USA,HRWKD,TOT,HR_WKD,A,1952,1988.423,
USA,HRWKD,TOT,HR_WKD,A,1953,1993.145,
USA,HRWKD,TOT,HR_WKD,A,1954,1984.118,
USA,HRWKD,TOT,HR_WKD,A,1955,2003.201,
USA,HRWKD,TOT,HR_WKD,A,1956,2002.39,
USA,HRWKD,TOT,HR_WKD,A,1957,1973.322,
USA,HRWKD,TOT,HR_WKD,A,1958,1947.184,
USA,HRWKD,TOT,HR_WKD,A,1959,1957.557,
USA,HRWKD,TOT,HR_WKD,A,1960,1952.191,
USA,HRWKD,TOT,HR_WKD,A,1961,1941.311,
USA,HRWKD,TOT,HR_WKD,A,1962,1959.533,
USA,HRWKD,TOT,HR_WKD,A,1963,1971.944,
USA,HRWKD,TOT,HR_WKD,A,1964,1975.363,
USA,HRWKD,TOT,HR_WKD,A,1965,1983.833,
USA,HRWKD,TOT,HR_WKD,A,1966,1973.718,
USA,HRWKD,TOT,HR_WKD,A,1967,1950.952,
USA,HRWKD,TOT,HR_WKD,A,1968,1939.726,
USA,HRWKD,TOT,HR_WKD,A,1969,1937.552,
USA,HRWKD,TOT,HR_WKD,A,1970,1906.66,
USA,HRWKD,TOT,HR_WKD,A,1971,1894.38,
USA,HRWKD,TOT,HR_WKD,A,1972,1889.825,
USA,HRWKD,TOT,HR_WKD,A,1973,1890.542,
USA,HRWKD,TOT,HR_WKD,A,1974,1859.649,
USA,HRWKD,TOT,HR_WKD,A,1975,1838.809,
USA,HRWKD,TOT,HR_WKD,A,1976,1840.658,
USA,HRWKD,TOT,HR_WKD,A,1977,1844.458,
USA,HRWKD,TOT,HR_WKD,A,1978,1835.827,
USA,HRWKD,TOT,HR_WKD,A,1979,1833.724,
USA,HRWKD,TOT,HR_WKD,A,1980,1816.094,
USA,HRWKD,TOT,HR_WKD,A,1981,1812.332,
USA,HRWKD,TOT,HR_WKD,A,1982,1803.334,
USA,HRWKD,TOT,HR_WKD,A,1983,1821.691,
USA,HRWKD,TOT,HR_WKD,A,1984,1839.05,
USA,HRWKD,TOT,HR_WKD,A,1985,1837.5,
USA,HRWKD,TOT,HR_WKD,A,1986,1829.235,
USA,HRWKD,TOT,HR_WKD,A,1987,1839.024,
USA,HRWKD,TOT,HR_WKD,A,1988,1837.305,
USA,HRWKD,TOT,HR_WKD,A,1989,1848.433,
USA,HRWKD,TOT,HR_WKD,A,1990,1832.508,
USA,HRWKD,TOT,HR_WKD,A,1991,1823.454,
USA,HRWKD,TOT,HR_WKD,A,1992,1822,
USA,HRWKD,TOT,HR_WKD,A,1993,1828,
USA,HRWKD,TOT,HR_WKD,A,1994,1839.483,
USA,HRWKD,TOT,HR_WKD,A,1995,1839.384,
USA,HRWKD,TOT,HR_WKD,A,1996,1840.446,
USA,HRWKD,TOT,HR_WKD,A,1997,1842.957,
USA,HRWKD,TOT,HR_WKD,A,1998,1842.28,
USA,HRWKD,TOT,HR_WKD,A,1999,1838.804,
USA,HRWKD,TOT,HR_WKD,A,2000,1832.16,
USA,HRWKD,TOT,HR_WKD,A,2001,1810.772,
USA,HRWKD,TOT,HR_WKD,A,2002,1805.895,
USA,HRWKD,TOT,HR_WKD,A,2003,1796.418,
USA,HRWKD,TOT,HR_WKD,A,2004,1798.124,
USA,HRWKD,TOT,HR_WKD,A,2005,1794.312,
USA,HRWKD,TOT,HR_WKD,A,2006,1796.333,
USA,HRWKD,TOT,HR_WKD,A,2007,1795.487,
USA,HRWKD,TOT,HR_WKD,A,2008,1786.234,
USA,HRWKD,TOT,HR_WKD,A,2009,1760.909,
USA,HRWKD,TOT,HR_WKD,A,2010,1771.556,
USA,HRWKD,TOT,HR_WKD,A,2011,1778.338,
USA,HRWKD,TOT,HR_WKD,A,2012,1781.968,
USA,HRWKD,TOT,HR_WKD,A,2013,1780.353,
USA,HRWKD,TOT,HR_WKD,A,2014,1781.968,
USA,HRWKD,TOT,HR_WKD,A,2015,1783.017,
USA,HRWKD,TOT,HR_WKD,A,2016,1778.418,
USA,HRWKD,TOT,HR_WKD,A,2017,1777.571,
USA,HRWKD,TOT,HR_WKD,A,2018,1781.567,
USA,HRWKD,TOT,HR_WKD,A,2019,1777.241,
USA,HRWKD,TOT,HR_WKD,A,2020,1767.095,
USA,HRWKD,TOT,HR_WKD,A,2021,1791,
CHL,HRWKD,TOT,HR_WKD,A,1986,2399,
CHL,HRWKD,TOT,HR_WKD,A,1987,2405,
CHL,HRWKD,TOT,HR_WKD,A,1988,2411,
CHL,HRWKD,TOT,HR_WKD,A,1989,2416,
CHL,HRWKD,TOT,HR_WKD,A,1990,2422,
CHL,HRWKD,TOT,HR_WKD,A,1991,2419,
CHL,HRWKD,TOT,HR_WKD,A,1992,2415,
CHL,HRWKD,TOT,HR_WKD,A,1993,2389,
CHL,HRWKD,TOT,HR_WKD,A,1994,2364,
CHL,HRWKD,TOT,HR_WKD,A,1995,2338,
CHL,HRWKD,TOT,HR_WKD,A,1996,2313,
CHL,HRWKD,TOT,HR_WKD,A,1997,2256,
CHL,HRWKD,TOT,HR_WKD,A,1998,2299,
CHL,HRWKD,TOT,HR_WKD,A,1999,2277,
CHL,HRWKD,TOT,HR_WKD,A,2000,2263,
CHL,HRWKD,TOT,HR_WKD,A,2001,2242,
CHL,HRWKD,TOT,HR_WKD,A,2002,2250,
CHL,HRWKD,TOT,HR_WKD,A,2003,2235,
CHL,HRWKD,TOT,HR_WKD,A,2004,2232,
CHL,HRWKD,TOT,HR_WKD,A,2005,2157,
CHL,HRWKD,TOT,HR_WKD,A,2006,2165,
CHL,HRWKD,TOT,HR_WKD,A,2007,2128,
CHL,HRWKD,TOT,HR_WKD,A,2008,2095,
CHL,HRWKD,TOT,HR_WKD,A,2009,2074,
CHL,HRWKD,TOT,HR_WKD,A,2010,2069.8,
CHL,HRWKD,TOT,HR_WKD,A,2011,2050.2,
CHL,HRWKD,TOT,HR_WKD,A,2012,2027.4,
CHL,HRWKD,TOT,HR_WKD,A,2013,2021.3,
CHL,HRWKD,TOT,HR_WKD,A,2014,1994.4,
CHL,HRWKD,TOT,HR_WKD,A,2015,1993.7,
CHL,HRWKD,TOT,HR_WKD,A,2016,1977.5,
CHL,HRWKD,TOT,HR_WKD,A,2017,1963.1,
CHL,HRWKD,TOT,HR_WKD,A,2018,1955.5,
CHL,HRWKD,TOT,HR_WKD,A,2019,1929.5,
CHL,HRWKD,TOT,HR_WKD,A,2020,1825.3,
CHL,HRWKD,TOT,HR_WKD,A,2021,1915.6,
EST,HRWKD,TOT,HR_WKD,A,2000,1884,
EST,HRWKD,TOT,HR_WKD,A,2001,1877,
EST,HRWKD,TOT,HR_WKD,A,2002,1879,
EST,HRWKD,TOT,HR_WKD,A,2003,1884,
EST,HRWKD,TOT,HR_WKD,A,2004,1892,
EST,HRWKD,TOT,HR_WKD,A,2005,1913,
EST,HRWKD,TOT,HR_WKD,A,2006,1906,
EST,HRWKD,TOT,HR_WKD,A,2007,1903,
EST,HRWKD,TOT,HR_WKD,A,2008,1874,
EST,HRWKD,TOT,HR_WKD,A,2009,1745,
EST,HRWKD,TOT,HR_WKD,A,2010,1785,
EST,HRWKD,TOT,HR_WKD,A,2011,1827,
EST,HRWKD,TOT,HR_WKD,A,2012,1796,
EST,HRWKD,TOT,HR_WKD,A,2013,1777,
EST,HRWKD,TOT,HR_WKD,A,2014,1771,
EST,HRWKD,TOT,HR_WKD,A,2015,1763,
EST,HRWKD,TOT,HR_WKD,A,2016,1767,
EST,HRWKD,TOT,HR_WKD,A,2017,1768,
EST,HRWKD,TOT,HR_WKD,A,2018,1707.193,
EST,HRWKD,TOT,HR_WKD,A,2019,1694.396,
EST,HRWKD,TOT,HR_WKD,A,2020,1637.156,
EST,HRWKD,TOT,HR_WKD,A,2021,1767.056,
ISR,HRWKD,TOT,HR_WKD,A,1981,1966,
ISR,HRWKD,TOT,HR_WKD,A,1982,1942.3,
ISR,HRWKD,TOT,HR_WKD,A,1983,1929.1,
ISR,HRWKD,TOT,HR_WKD,A,1984,1932.2,
ISR,HRWKD,TOT,HR_WKD,A,1985,1932.1,
ISR,HRWKD,TOT,HR_WKD,A,1986,1927,
ISR,HRWKD,TOT,HR_WKD,A,1987,1921.2,
ISR,HRWKD,TOT,HR_WKD,A,1988,1878.1,
ISR,HRWKD,TOT,HR_WKD,A,1989,1909.1,
ISR,HRWKD,TOT,HR_WKD,A,1990,1904,
ISR,HRWKD,TOT,HR_WKD,A,1991,1897.3,
ISR,HRWKD,TOT,HR_WKD,A,1992,1951.192,
ISR,HRWKD,TOT,HR_WKD,A,1993,1953,
ISR,HRWKD,TOT,HR_WKD,A,1994,1993.1,
ISR,HRWKD,TOT,HR_WKD,A,1995,2013.8,
ISR,HRWKD,TOT,HR_WKD,A,1996,2031,
ISR,HRWKD,TOT,HR_WKD,A,1997,2036.3,
ISR,HRWKD,TOT,HR_WKD,A,1998,2011.9,
ISR,HRWKD,TOT,HR_WKD,A,1999,2021.09,
ISR,HRWKD,TOT,HR_WKD,A,2000,2032.9,
ISR,HRWKD,TOT,HR_WKD,A,2001,1996.1,
ISR,HRWKD,TOT,HR_WKD,A,2002,2014.3,
ISR,HRWKD,TOT,HR_WKD,A,2003,1997.5,
ISR,HRWKD,TOT,HR_WKD,A,2004,1975,
ISR,HRWKD,TOT,HR_WKD,A,2005,1966.4,
ISR,HRWKD,TOT,HR_WKD,A,2006,1955,
ISR,HRWKD,TOT,HR_WKD,A,2007,1966.5,
ISR,HRWKD,TOT,HR_WKD,A,2008,1963.3,
ISR,HRWKD,TOT,HR_WKD,A,2009,1962.5,
ISR,HRWKD,TOT,HR_WKD,A,2010,1956.5,
ISR,HRWKD,TOT,HR_WKD,A,2011,1947.2,
ISR,HRWKD,TOT,HR_WKD,A,2012,1918.8,
ISR,HRWKD,TOT,HR_WKD,A,2013,1908.2,
ISR,HRWKD,TOT,HR_WKD,A,2014,1894.5,
ISR,HRWKD,TOT,HR_WKD,A,2015,1895.4,
ISR,HRWKD,TOT,HR_WKD,A,2016,1922.1,
ISR,HRWKD,TOT,HR_WKD,A,2017,1918,
ISR,HRWKD,TOT,HR_WKD,A,2018,1910.1,
ISR,HRWKD,TOT,HR_WKD,A,2019,1898.1,
ISR,HRWKD,TOT,HR_WKD,A,2020,1782.5,
ISR,HRWKD,TOT,HR_WKD,A,2021,1752.8,
RUS,HRWKD,TOT,HR_WKD,A,1992,1933,
RUS,HRWKD,TOT,HR_WKD,A,1993,1939,
RUS,HRWKD,TOT,HR_WKD,A,1994,1895,
RUS,HRWKD,TOT,HR_WKD,A,1995,1891,
RUS,HRWKD,TOT,HR_WKD,A,1996,1894,
RUS,HRWKD,TOT,HR_WKD,A,1997,1951,
RUS,HRWKD,TOT,HR_WKD,A,1998,1946,
RUS,HRWKD,TOT,HR_WKD,A,1999,1964,
RUS,HRWKD,TOT,HR_WKD,A,2000,1982,
RUS,HRWKD,TOT,HR_WKD,A,2001,1980,
RUS,HRWKD,TOT,HR_WKD,A,2002,1982,
RUS,HRWKD,TOT,HR_WKD,A,2003,1993,
RUS,HRWKD,TOT,HR_WKD,A,2004,1993,
RUS,HRWKD,TOT,HR_WKD,A,2005,1989,
RUS,HRWKD,TOT,HR_WKD,A,2006,1998,
RUS,HRWKD,TOT,HR_WKD,A,2007,1999,
RUS,HRWKD,TOT,HR_WKD,A,2008,1997,
RUS,HRWKD,TOT,HR_WKD,A,2009,1974,
RUS,HRWKD,TOT,HR_WKD,A,2010,1976,
RUS,HRWKD,TOT,HR_WKD,A,2011,1979,
RUS,HRWKD,TOT,HR_WKD,A,2012,1982,
RUS,HRWKD,TOT,HR_WKD,A,2013,1980,
RUS,HRWKD,TOT,HR_WKD,A,2014,1985,
RUS,HRWKD,TOT,HR_WKD,A,2015,1978,
RUS,HRWKD,TOT,HR_WKD,A,2016,1974,
RUS,HRWKD,TOT,HR_WKD,A,2017,1979,
RUS,HRWKD,TOT,HR_WKD,A,2018,1970,
RUS,HRWKD,TOT,HR_WKD,A,2019,1965,
RUS,HRWKD,TOT,HR_WKD,A,2020,1874,
SVN,HRWKD,TOT,HR_WKD,A,1995,1755,
SVN,HRWKD,TOT,HR_WKD,A,1996,1727,
SVN,HRWKD,TOT,HR_WKD,A,1997,1715,
SVN,HRWKD,TOT,HR_WKD,A,1998,1728,
SVN,HRWKD,TOT,HR_WKD,A,1999,1730,
SVN,HRWKD,TOT,HR_WKD,A,2000,1710.1,
SVN,HRWKD,TOT,HR_WKD,A,2001,1695.9,
SVN,HRWKD,TOT,HR_WKD,A,2002,1720.487,
SVN,HRWKD,TOT,HR_WKD,A,2003,1723.798,
SVN,HRWKD,TOT,HR_WKD,A,2004,1736.5,
SVN,HRWKD,TOT,HR_WKD,A,2005,1696.6,
SVN,HRWKD,TOT,HR_WKD,A,2006,1667.413,
SVN,HRWKD,TOT,HR_WKD,A,2007,1654.905,
SVN,HRWKD,TOT,HR_WKD,A,2008,1673.484,
SVN,HRWKD,TOT,HR_WKD,A,2009,1678.997,
SVN,HRWKD,TOT,HR_WKD,A,2010,1680.3,
SVN,HRWKD,TOT,HR_WKD,A,2011,1663.4,
SVN,HRWKD,TOT,HR_WKD,A,2012,1644.3,
SVN,HRWKD,TOT,HR_WKD,A,2013,1662.2,
SVN,HRWKD,TOT,HR_WKD,A,2014,1681.8,
SVN,HRWKD,TOT,HR_WKD,A,2015,1687.309,
SVN,HRWKD,TOT,HR_WKD,A,2016,1652.4,
SVN,HRWKD,TOT,HR_WKD,A,2017,1621.923,
SVN,HRWKD,TOT,HR_WKD,A,2018,1599.109,
SVN,HRWKD,TOT,HR_WKD,A,2019,1601.835,
SVN,HRWKD,TOT,HR_WKD,A,2020,1533.823,
SVN,HRWKD,TOT,HR_WKD,A,2021,1596.395,
OECD,HRWKD,TOT,HR_WKD,A,1970,1966.688,
OECD,HRWKD,TOT,HR_WKD,A,1971,1959.937,
OECD,HRWKD,TOT,HR_WKD,A,1972,1951.429,
OECD,HRWKD,TOT,HR_WKD,A,1973,1948.85,
OECD,HRWKD,TOT,HR_WKD,A,1974,1928.336,
OECD,HRWKD,TOT,HR_WKD,A,1975,1916.823,
OECD,HRWKD,TOT,HR_WKD,A,1976,1918.15,
OECD,HRWKD,TOT,HR_WKD,A,1977,1913.627,
OECD,HRWKD,TOT,HR_WKD,A,1978,1905.455,
OECD,HRWKD,TOT,HR_WKD,A,1979,1901.774,
OECD,HRWKD,TOT,HR_WKD,A,1980,1892.91,
OECD,HRWKD,TOT,HR_WKD,A,1981,1884.747,
OECD,HRWKD,TOT,HR_WKD,A,1982,1877.758,
OECD,HRWKD,TOT,HR_WKD,A,1983,1877.557,
OECD,HRWKD,TOT,HR_WKD,A,1984,1878.547,
OECD,HRWKD,TOT,HR_WKD,A,1985,1875.93,
OECD,HRWKD,TOT,HR_WKD,A,1986,1872.609,
OECD,HRWKD,TOT,HR_WKD,A,1987,1872.638,
OECD,HRWKD,TOT,HR_WKD,A,1988,1872.774,
OECD,HRWKD,TOT,HR_WKD,A,1989,1871.417,
OECD,HRWKD,TOT,HR_WKD,A,1990,1860.241,
OECD,HRWKD,TOT,HR_WKD,A,1991,1852.389,
OECD,HRWKD,TOT,HR_WKD,A,1992,1883.526,
OECD,HRWKD,TOT,HR_WKD,A,1993,1875.564,
OECD,HRWKD,TOT,HR_WKD,A,1994,1847.604,
OECD,HRWKD,TOT,HR_WKD,A,1995,1841.928,
OECD,HRWKD,TOT,HR_WKD,A,1996,1845.998,
OECD,HRWKD,TOT,HR_WKD,A,1997,1845.124,
OECD,HRWKD,TOT,HR_WKD,A,1998,1836.598,
OECD,HRWKD,TOT,HR_WKD,A,1999,1835.435,
OECD,HRWKD,TOT,HR_WKD,A,2000,1824.986,
OECD,HRWKD,TOT,HR_WKD,A,2001,1811.084,
OECD,HRWKD,TOT,HR_WKD,A,2002,1806.977,
OECD,HRWKD,TOT,HR_WKD,A,2003,1798.476,
OECD,HRWKD,TOT,HR_WKD,A,2004,1797.967,
OECD,HRWKD,TOT,HR_WKD,A,2005,1793.914,
OECD,HRWKD,TOT,HR_WKD,A,2006,1792.481,
OECD,HRWKD,TOT,HR_WKD,A,2007,1789.547,
OECD,HRWKD,TOT,HR_WKD,A,2008,1787.525,
OECD,HRWKD,TOT,HR_WKD,A,2009,1753.166,
OECD,HRWKD,TOT,HR_WKD,A,2010,1772.451,
OECD,HRWKD,TOT,HR_WKD,A,2011,1771.505,
OECD,HRWKD,TOT,HR_WKD,A,2012,1769.973,
OECD,HRWKD,TOT,HR_WKD,A,2013,1765.551,
OECD,HRWKD,TOT,HR_WKD,A,2014,1768.38,
OECD,HRWKD,TOT,HR_WKD,A,2015,1767.099,
OECD,HRWKD,TOT,HR_WKD,A,2016,1765.38,
OECD,HRWKD,TOT,HR_WKD,A,2017,1757.357,
OECD,HRWKD,TOT,HR_WKD,A,2018,1752.531,
OECD,HRWKD,TOT,HR_WKD,A,2019,1741.932,
OECD,HRWKD,TOT,HR_WKD,A,2020,1667.988,
OECD,HRWKD,TOT,HR_WKD,A,2021,1715.818,
LVA,HRWKD,TOT,HR_WKD,A,1995,1867.147,
LVA,HRWKD,TOT,HR_WKD,A,1996,1865.496,
LVA,HRWKD,TOT,HR_WKD,A,1997,1861.21,
LVA,HRWKD,TOT,HR_WKD,A,1998,1860.042,
LVA,HRWKD,TOT,HR_WKD,A,1999,1861.487,
LVA,HRWKD,TOT,HR_WKD,A,2000,1864.647,
LVA,HRWKD,TOT,HR_WKD,A,2001,1872.521,
LVA,HRWKD,TOT,HR_WKD,A,2002,1841.682,
LVA,HRWKD,TOT,HR_WKD,A,2003,1836,
LVA,HRWKD,TOT,HR_WKD,A,2004,1802.159,
LVA,HRWKD,TOT,HR_WKD,A,2005,1842.134,
LVA,HRWKD,TOT,HR_WKD,A,2006,1829.004,
LVA,HRWKD,TOT,HR_WKD,A,2007,1793.626,
LVA,HRWKD,TOT,HR_WKD,A,2008,1751.084,
LVA,HRWKD,TOT,HR_WKD,A,2009,1707.331,
LVA,HRWKD,TOT,HR_WKD,A,2010,1692.396,
LVA,HRWKD,TOT,HR_WKD,A,2011,1707.04,
LVA,HRWKD,TOT,HR_WKD,A,2012,1691.635,
LVA,HRWKD,TOT,HR_WKD,A,2013,1685.929,
LVA,HRWKD,TOT,HR_WKD,A,2014,1695.303,
LVA,HRWKD,TOT,HR_WKD,A,2015,1663.181,
LVA,HRWKD,TOT,HR_WKD,A,2016,1663.836,
LVA,HRWKD,TOT,HR_WKD,A,2017,1649.86,
LVA,HRWKD,TOT,HR_WKD,A,2018,1661.309,
LVA,HRWKD,TOT,HR_WKD,A,2019,1631.036,
LVA,HRWKD,TOT,HR_WKD,A,2020,1576.93,
LVA,HRWKD,TOT,HR_WKD,A,2021,1601.203,
LTU,HRWKD,TOT,HR_WKD,A,1995,1527.037,
LTU,HRWKD,TOT,HR_WKD,A,1996,1524.992,
LTU,HRWKD,TOT,HR_WKD,A,1997,1529.979,
LTU,HRWKD,TOT,HR_WKD,A,1998,1571.392,
LTU,HRWKD,TOT,HR_WKD,A,1999,1524.081,
LTU,HRWKD,TOT,HR_WKD,A,2000,1630.226,
LTU,HRWKD,TOT,HR_WKD,A,2001,1616.972,
LTU,HRWKD,TOT,HR_WKD,A,2002,1591.328,
LTU,HRWKD,TOT,HR_WKD,A,2003,1576.944,
LTU,HRWKD,TOT,HR_WKD,A,2004,1658.771,
LTU,HRWKD,TOT,HR_WKD,A,2005,1659.146,
LTU,HRWKD,TOT,HR_WKD,A,2006,1654.94,
LTU,HRWKD,TOT,HR_WKD,A,2007,1681.034,
LTU,HRWKD,TOT,HR_WKD,A,2008,1707.35,
LTU,HRWKD,TOT,HR_WKD,A,2009,1644.993,
LTU,HRWKD,TOT,HR_WKD,A,2010,1696.679,
LTU,HRWKD,TOT,HR_WKD,A,2011,1674.217,
LTU,HRWKD,TOT,HR_WKD,A,2012,1672.253,
LTU,HRWKD,TOT,HR_WKD,A,2013,1657.482,
LTU,HRWKD,TOT,HR_WKD,A,2014,1649.89,
LTU,HRWKD,TOT,HR_WKD,A,2015,1673.198,
LTU,HRWKD,TOT,HR_WKD,A,2016,1694.331,
LTU,HRWKD,TOT,HR_WKD,A,2017,1656.899,
LTU,HRWKD,TOT,HR_WKD,A,2018,1664.021,
LTU,HRWKD,TOT,HR_WKD,A,2019,1665.382,
LTU,HRWKD,TOT,HR_WKD,A,2020,1594.926,
LTU,HRWKD,TOT,HR_WKD,A,2021,1619.977,
CRI,HRWKD,TOT,HR_WKD,A,1987,2366,
CRI,HRWKD,TOT,HR_WKD,A,1988,2346,
CRI,HRWKD,TOT,HR_WKD,A,1989,2307,
CRI,HRWKD,TOT,HR_WKD,A,1990,2358,
CRI,HRWKD,TOT,HR_WKD,A,1991,2272,
CRI,HRWKD,TOT,HR_WKD,A,1992,2359,
CRI,HRWKD,TOT,HR_WKD,A,1993,2346,
CRI,HRWKD,TOT,HR_WKD,A,1994,2370,
CRI,HRWKD,TOT,HR_WKD,A,1995,2345,
CRI,HRWKD,TOT,HR_WKD,A,1996,2387,
CRI,HRWKD,TOT,HR_WKD,A,1997,2365,
CRI,HRWKD,TOT,HR_WKD,A,1998,2356,
CRI,HRWKD,TOT,HR_WKD,A,1999,2370,
CRI,HRWKD,TOT,HR_WKD,A,2000,2362,
CRI,HRWKD,TOT,HR_WKD,A,2001,2329,
CRI,HRWKD,TOT,HR_WKD,A,2002,2357,
CRI,HRWKD,TOT,HR_WKD,A,2003,2350,
CRI,HRWKD,TOT,HR_WKD,A,2004,2369,
CRI,HRWKD,TOT,HR_WKD,A,2005,2352,
CRI,HRWKD,TOT,HR_WKD,A,2006,2360,
CRI,HRWKD,TOT,HR_WKD,A,2007,2387,
CRI,HRWKD,TOT,HR_WKD,A,2008,2392,
CRI,HRWKD,TOT,HR_WKD,A,2009,2348,
CRI,HRWKD,TOT,HR_WKD,A,2010,2243.1,
CRI,HRWKD,TOT,HR_WKD,A,2011,2285.3,
CRI,HRWKD,TOT,HR_WKD,A,2012,2233.4,
CRI,HRWKD,TOT,HR_WKD,A,2013,2140.6,
CRI,HRWKD,TOT,HR_WKD,A,2014,2121.7,
CRI,HRWKD,TOT,HR_WKD,A,2015,2148.2,
CRI,HRWKD,TOT,HR_WKD,A,2016,2204.7,
CRI,HRWKD,TOT,HR_WKD,A,2017,2178.9,
CRI,HRWKD,TOT,HR_WKD,A,2018,2121,
CRI,HRWKD,TOT,HR_WKD,A,2019,2059.6,
CRI,HRWKD,TOT,HR_WKD,A,2020,1913.2,
CRI,HRWKD,TOT,HR_WKD,A,2021,2073.3,
BGR,HRWKD,TOT,HR_WKD,A,1995,1710.674,
BGR,HRWKD,TOT,HR_WKD,A,1996,1708.204,
BGR,HRWKD,TOT,HR_WKD,A,1997,1706.866,
BGR,HRWKD,TOT,HR_WKD,A,1998,1649.982,
BGR,HRWKD,TOT,HR_WKD,A,1999,1669.502,
BGR,HRWKD,TOT,HR_WKD,A,2000,1640.256,
BGR,HRWKD,TOT,HR_WKD,A,2001,1651.859,
BGR,HRWKD,TOT,HR_WKD,A,2002,1651.26,
BGR,HRWKD,TOT,HR_WKD,A,2003,1640.511,
BGR,HRWKD,TOT,HR_WKD,A,2004,1663.691,
BGR,HRWKD,TOT,HR_WKD,A,2005,1658.647,
BGR,HRWKD,TOT,HR_WKD,A,2006,1654.102,
BGR,HRWKD,TOT,HR_WKD,A,2007,1654.52,
BGR,HRWKD,TOT,HR_WKD,A,2008,1693.597,
BGR,HRWKD,TOT,HR_WKD,A,2009,1646.278,
BGR,HRWKD,TOT,HR_WKD,A,2010,1644.84,
BGR,HRWKD,TOT,HR_WKD,A,2011,1643.592,
BGR,HRWKD,TOT,HR_WKD,A,2012,1644.448,
BGR,HRWKD,TOT,HR_WKD,A,2013,1644.981,
BGR,HRWKD,TOT,HR_WKD,A,2014,1644.061,
BGR,HRWKD,TOT,HR_WKD,A,2015,1644.383,
BGR,HRWKD,TOT,HR_WKD,A,2016,1643.549,
BGR,HRWKD,TOT,HR_WKD,A,2017,1643.257,
BGR,HRWKD,TOT,HR_WKD,A,2018,1644.572,
BGR,HRWKD,TOT,HR_WKD,A,2019,1645.247,
BGR,HRWKD,TOT,HR_WKD,A,2020,1604.825,
BGR,HRWKD,TOT,HR_WKD,A,2021,1619.422,
COL,HRWKD,TOT,HR_WKD,A,2015,2325.319,
COL,HRWKD,TOT,HR_WKD,A,2016,2315.43,
COL,HRWKD,TOT,HR_WKD,A,2017,2284.5,
COL,HRWKD,TOT,HR_WKD,A,2018,2283.326,
COL,HRWKD,TOT,HR_WKD,A,2019,2272.193,
COL,HRWKD,TOT,HR_WKD,A,2020,1963.971,
HRV,HRWKD,TOT,HR_WKD,A,1995,1923.255,
HRV,HRWKD,TOT,HR_WKD,A,1996,1923.202,
HRV,HRWKD,TOT,HR_WKD,A,1997,1923.189,
HRV,HRWKD,TOT,HR_WKD,A,1998,1923.105,
HRV,HRWKD,TOT,HR_WKD,A,1999,1923.135,
HRV,HRWKD,TOT,HR_WKD,A,2000,1921.514,
HRV,HRWKD,TOT,HR_WKD,A,2001,1922.715,
HRV,HRWKD,TOT,HR_WKD,A,2002,1922.933,
HRV,HRWKD,TOT,HR_WKD,A,2003,1923.888,
HRV,HRWKD,TOT,HR_WKD,A,2004,1925.69,
HRV,HRWKD,TOT,HR_WKD,A,2005,1925.558,
HRV,HRWKD,TOT,HR_WKD,A,2006,1927.67,
HRV,HRWKD,TOT,HR_WKD,A,2007,1929.664,
HRV,HRWKD,TOT,HR_WKD,A,2008,1931.18,
HRV,HRWKD,TOT,HR_WKD,A,2009,1927.963,
HRV,HRWKD,TOT,HR_WKD,A,2010,1941.844,
HRV,HRWKD,TOT,HR_WKD,A,2011,1939.246,
HRV,HRWKD,TOT,HR_WKD,A,2012,1922.985,
HRV,HRWKD,TOT,HR_WKD,A,2013,1908.492,
HRV,HRWKD,TOT,HR_WKD,A,2014,1890.606,
HRV,HRWKD,TOT,HR_WKD,A,2015,1826.637,
HRV,HRWKD,TOT,HR_WKD,A,2016,1834.406,
HRV,HRWKD,TOT,HR_WKD,A,2017,1823.598,
HRV,HRWKD,TOT,HR_WKD,A,2018,1811.059,
HRV,HRWKD,TOT,HR_WKD,A,2019,1837.766,
HRV,HRWKD,TOT,HR_WKD,A,2020,1833.622,
HRV,HRWKD,TOT,HR_WKD,A,2021,1835.001,
CYP,HRWKD,TOT,HR_WKD,A,1995,1899.567,
CYP,HRWKD,TOT,HR_WKD,A,1996,1898.56,
CYP,HRWKD,TOT,HR_WKD,A,1997,1906.309,
CYP,HRWKD,TOT,HR_WKD,A,1998,1912.517,
CYP,HRWKD,TOT,HR_WKD,A,1999,1919.729,
CYP,HRWKD,TOT,HR_WKD,A,2000,1926.367,
CYP,HRWKD,TOT,HR_WKD,A,2001,1950.888,
CYP,HRWKD,TOT,HR_WKD,A,2002,1923.225,
CYP,HRWKD,TOT,HR_WKD,A,2003,1916.07,
CYP,HRWKD,TOT,HR_WKD,A,2004,1878.57,
CYP,HRWKD,TOT,HR_WKD,A,2005,1847.319,
CYP,HRWKD,TOT,HR_WKD,A,2006,1832.917,
CYP,HRWKD,TOT,HR_WKD,A,2007,1862.075,
CYP,HRWKD,TOT,HR_WKD,A,2008,1867.709,
CYP,HRWKD,TOT,HR_WKD,A,2009,1847.09,
CYP,HRWKD,TOT,HR_WKD,A,2010,1845.006,
CYP,HRWKD,TOT,HR_WKD,A,2011,1847.256,
CYP,HRWKD,TOT,HR_WKD,A,2012,1845.264,
CYP,HRWKD,TOT,HR_WKD,A,2013,1810.289,
CYP,HRWKD,TOT,HR_WKD,A,2014,1815.439,
CYP,HRWKD,TOT,HR_WKD,A,2015,1824.346,
CYP,HRWKD,TOT,HR_WKD,A,2016,1839.685,
CYP,HRWKD,TOT,HR_WKD,A,2017,1821.477,
CYP,HRWKD,TOT,HR_WKD,A,2018,1809.125,
CYP,HRWKD,TOT,HR_WKD,A,2019,1809.144,
CYP,HRWKD,TOT,HR_WKD,A,2020,1701.471,
CYP,HRWKD,TOT,HR_WKD,A,2021,1745.309,
MLT,HRWKD,TOT,HR_WKD,A,1995,2091.658,
MLT,HRWKD,TOT,HR_WKD,A,1996,2119.115,
MLT,HRWKD,TOT,HR_WKD,A,1997,2141.727,
MLT,HRWKD,TOT,HR_WKD,A,1998,2164.446,
MLT,HRWKD,TOT,HR_WKD,A,1999,2183.438,
MLT,HRWKD,TOT,HR_WKD,A,2000,2245.516,
MLT,HRWKD,TOT,HR_WKD,A,2001,2155.853,
MLT,HRWKD,TOT,HR_WKD,A,2002,2216.898,
MLT,HRWKD,TOT,HR_WKD,A,2003,2196.706,
MLT,HRWKD,TOT,HR_WKD,A,2004,2098.024,
MLT,HRWKD,TOT,HR_WKD,A,2005,2167.375,
MLT,HRWKD,TOT,HR_WKD,A,2006,2174.764,
MLT,HRWKD,TOT,HR_WKD,A,2007,2170.582,
MLT,HRWKD,TOT,HR_WKD,A,2008,2184.082,
MLT,HRWKD,TOT,HR_WKD,A,2009,2189.786,
MLT,HRWKD,TOT,HR_WKD,A,2010,2136.069,
MLT,HRWKD,TOT,HR_WKD,A,2011,2068.534,
MLT,HRWKD,TOT,HR_WKD,A,2012,2037.208,
MLT,HRWKD,TOT,HR_WKD,A,2013,2003.921,
MLT,HRWKD,TOT,HR_WKD,A,2014,1945.305,
MLT,HRWKD,TOT,HR_WKD,A,2015,1934.038,
MLT,HRWKD,TOT,HR_WKD,A,2016,2011.788,
MLT,HRWKD,TOT,HR_WKD,A,2017,1942.871,
MLT,HRWKD,TOT,HR_WKD,A,2018,1972.18,
MLT,HRWKD,TOT,HR_WKD,A,2019,2062.898,
MLT,HRWKD,TOT,HR_WKD,A,2020,1902.34,
MLT,HRWKD,TOT,HR_WKD,A,2021,1882.241,
ROU,HRWKD,TOT,HR_WKD,A,1995,1822.645,
ROU,HRWKD,TOT,HR_WKD,A,1996,1861.464,
ROU,HRWKD,TOT,HR_WKD,A,1997,1860.524,
ROU,HRWKD,TOT,HR_WKD,A,1998,1859.149,
ROU,HRWKD,TOT,HR_WKD,A,1999,1850.045,
ROU,HRWKD,TOT,HR_WKD,A,2000,1852.999,
ROU,HRWKD,TOT,HR_WKD,A,2001,1852.48,
ROU,HRWKD,TOT,HR_WKD,A,2002,1867.176,
ROU,HRWKD,TOT,HR_WKD,A,2003,1837.06,
ROU,HRWKD,TOT,HR_WKD,A,2004,1886.581,
ROU,HRWKD,TOT,HR_WKD,A,2005,1876.988,
ROU,HRWKD,TOT,HR_WKD,A,2006,1836.08,
ROU,HRWKD,TOT,HR_WKD,A,2007,1839.935,
ROU,HRWKD,TOT,HR_WKD,A,2008,1835.246,
ROU,HRWKD,TOT,HR_WKD,A,2009,1815.493,
ROU,HRWKD,TOT,HR_WKD,A,2010,1840.68,
ROU,HRWKD,TOT,HR_WKD,A,2011,1849.271,
ROU,HRWKD,TOT,HR_WKD,A,2012,1811.543,
ROU,HRWKD,TOT,HR_WKD,A,2013,1806.457,
ROU,HRWKD,TOT,HR_WKD,A,2014,1792.534,
ROU,HRWKD,TOT,HR_WKD,A,2015,1785.671,
ROU,HRWKD,TOT,HR_WKD,A,2016,1809.028,
ROU,HRWKD,TOT,HR_WKD,A,2017,1785.838,
ROU,HRWKD,TOT,HR_WKD,A,2018,1786.983,
ROU,HRWKD,TOT,HR_WKD,A,2019,1803.112,
ROU,HRWKD,TOT,HR_WKD,A,2020,1806.346,
ROU,HRWKD,TOT,HR_WKD,A,2021,1838.426,
EU27,HRWKD,TOT,HR_WKD,A,1995,1701.459,
EU27,HRWKD,TOT,HR_WKD,A,1996,1702.844,
EU27,HRWKD,TOT,HR_WKD,A,1997,1700.131,
EU27,HRWKD,TOT,HR_WKD,A,1998,1696.887,
EU27,HRWKD,TOT,HR_WKD,A,1999,1690.884,
EU27,HRWKD,TOT,HR_WKD,A,2000,1677.45,
EU27,HRWKD,TOT,HR_WKD,A,2001,1667.401,
EU27,HRWKD,TOT,HR_WKD,A,2002,1656.122,
EU27,HRWKD,TOT,HR_WKD,A,2003,1650.115,
EU27,HRWKD,TOT,HR_WKD,A,2004,1657.403,
EU27,HRWKD,TOT,HR_WKD,A,2005,1652.582,
EU27,HRWKD,TOT,HR_WKD,A,2006,1650.908,
EU27,HRWKD,TOT,HR_WKD,A,2007,1652.637,
EU27,HRWKD,TOT,HR_WKD,A,2008,1650.885,
EU27,HRWKD,TOT,HR_WKD,A,2009,1627.461,
EU27,HRWKD,TOT,HR_WKD,A,2010,1631.743,
EU27,HRWKD,TOT,HR_WKD,A,2011,1631.6,
EU27,HRWKD,TOT,HR_WKD,A,2012,1614.739,
EU27,HRWKD,TOT,HR_WKD,A,2013,1605.32,
EU27,HRWKD,TOT,HR_WKD,A,2014,1604.728,
EU27,HRWKD,TOT,HR_WKD,A,2015,1604.002,
EU27,HRWKD,TOT,HR_WKD,A,2016,1607.935,
EU27,HRWKD,TOT,HR_WKD,A,2017,1599.098,
EU27,HRWKD,TOT,HR_WKD,A,2018,1597.678,
EU27,HRWKD,TOT,HR_WKD,A,2019,1593.678,
EU27,HRWKD,TOT,HR_WKD,A,2020,1511.508,
EU27,HRWKD,TOT,HR_WKD,A,2021,1565.551,
